,Open,High,Low,Close,Volume,Turnover,Unadjusted Close,Dividend,Symbol,SwHL,Peak,Consol_Detected,Consol_LHS_Price,Consol_Len_Bars,Consol_Depth_Percent,Close_21_bar_ema,Close_50_bar_sma,Close_150_bar_sma,Close_200_bar_sma,DateString,DayOfWeek
0,23.44,23.86,23.0,23.29,204043.0,4769750.0,23.29,0.0,MMYT,0,0,False,0.0,0,0.0,23.290000915527344,,,,2022-05-16,0
1,24.13,25.28,24.005,25.28,148657.0,3701113.0,25.28,0.0,MMYT,0,0,False,0.0,0,0.0,23.470909985628992,,,,2022-05-17,1
2,24.8,24.99,23.85,24.22,339450.0,8300130.0,24.22,0.0,MMYT,0,0,False,0.0,0,0.0,23.53900901542222,,,,2022-05-18,2
3,23.86,26.135,23.66,25.21,439352.0,11158398.0,25.21,0.0,MMYT,0,0,False,0.0,0,0.0,23.690917203517714,,,,2022-05-19,3
4,25.55,25.939,24.5,25.23,377224.0,9478470.0,25.23,0.0,MMYT,0,0,False,0.0,0,0.0,23.83083377976486,,,,2022-05-20,4
5,25.3,26.29,25.03,26.04,301149.0,7789159.0,26.04,0.0,MMYT,1,0,False,0.0,0,0.0,24.031667155743264,,,,2022-05-23,0
6,25.37,25.74,24.7,25.18,419117.0,10526584.0,25.18,0.0,MMYT,-1,0,False,0.0,0,0.0,24.136061078418948,,,,2022-05-24,1
7,26.35,26.64,25.11,25.93,437113.0,11301294.0,25.93,0.0,MMYT,0,0,False,0.0,0,0.0,24.29914646266957,,,,2022-05-25,2
8,26.63,29.39,26.195,28.59,601218.0,17180466.0,28.59,0.0,MMYT,0,0,False,0.0,0,0.0,24.68922407084396,,,,2022-05-26,3
9,28.19,29.4138,27.26,29.23,475063.0,13711696.0,29.23,0.0,MMYT,0,0,False,0.0,0,0.0,25.102021840970536,,,,2022-05-27,4
10,28.66,29.56,27.315,27.66,950161.0,26460940.0,27.66,0.0,MMYT,1,1,False,0.0,0,0.0,25.334565296101587,,,,2022-05-31,1
11,27.89,27.98,26.27,26.94,539168.0,14561202.0,26.94,0.0,MMYT,0,0,True,29.559999465942383,0,19.9255733966931,25.48051395409759,,,,2022-06-01,2
12,26.9,27.85,26.48,27.03,445626.0,12187559.0,27.03,0.0,MMYT,0,0,True,29.559999465942383,1,19.9255733966931,25.621376384329217,,,,2022-06-02,3
13,26.6,26.99,26.16,26.85,307123.0,8201290.0,26.85,0.0,MMYT,-1,0,True,29.559999465942383,2,19.9255733966931,25.733069474978354,,,,2022-06-03,4
14,27.52,28.34,26.785,27.96,178856.0,4988258.0,27.96,0.0,MMYT,0,0,True,29.559999465942383,3,19.9255733966931,25.935517621296015,,,,2022-06-06,0
15,27.83,28.375,27.105,28.33,273962.0,7670251.0,28.33,0.0,MMYT,0,0,True,29.559999465942383,4,19.9255733966931,26.153197830606018,,,,2022-06-07,1
16,28.0,28.86,27.92,28.65,233162.0,6644651.0,28.65,0.0,MMYT,1,0,True,29.559999465942383,5,19.9255733966931,26.380179811326407,,,,2022-06-08,2
17,28.06,28.39,27.51,27.54,217557.0,6062117.0,27.54,0.0,MMYT,0,0,True,29.559999465942383,6,19.9255733966931,26.48561809352649,,,,2022-06-09,3
18,26.98,27.565,25.99,26.41,1386718.0,36675640.0,26.41,0.0,MMYT,0,0,True,29.559999465942383,7,19.9255733966931,26.47874370751609,,,,2022-06-10,4
19,25.8,26.43,25.48,26.1,754736.0,19590154.0,26.1,0.0,MMYT,-1,-1,True,29.559999465942383,8,19.9255733966931,26.444312496057332,,,,2022-06-13,0
20,26.45,27.11,25.715,26.99,374752.0,10019819.0,26.99,0.0,MMYT,0,0,True,29.559999465942383,9,19.9255733966931,26.49392043015377,,,,2022-06-14,1
21,27.28,27.375,25.88,26.28,567592.0,15161120.0,26.28,0.0,MMYT,1,0,True,29.559999465942383,10,19.9255733966931,26.474473180743928,,,,2022-06-15,2
22,24.83,25.67,23.67,25.63,631984.0,15927703.0,25.63,0.0,MMYT,-1,-1,True,29.559999465942383,11,19.9255733966931,26.397702815291442,,,,2022-06-16,3
23,25.95,26.3957,24.95,26.0,522061.0,13542158.0,26.0,0.0,MMYT,0,0,True,29.559999465942383,12,19.9255733966931,26.36154801390131,,,,2022-06-17,4
24,26.55,26.89,25.95,26.14,310294.0,8130913.0,26.14,0.0,MMYT,1,0,True,29.559999465942383,13,19.9255733966931,26.34140722987832,,,,2022-06-21,1
25,25.66,26.6,24.78,26.22,170739.0,4465713.0,26.22,0.0,MMYT,-1,0,True,29.559999465942383,14,19.9255733966931,26.330370146557975,,,,2022-06-22,2
26,26.56,26.76,26.0,26.69,223972.0,5914832.0,26.69,0.0,MMYT,0,0,True,29.559999465942383,15,19.9255733966931,26.36306381814885,,,,2022-06-23,3
27,27.2,27.44,26.77,27.01,264828.0,7164842.0,27.01,0.0,MMYT,1,1,True,29.559999465942383,16,19.9255733966931,26.421876219124574,,,,2022-06-24,4
28,27.01,27.1,26.0,26.01,243921.0,6427831.0,26.01,0.0,MMYT,-1,0,True,29.559999465942383,17,19.9255733966931,26.384432947284324,,,,2022-06-27,0
29,26.38,26.765,26.06,26.21,196440.0,5172776.0,26.21,0.0,MMYT,0,0,True,29.559999465942383,18,19.9255733966931,26.368575323392356,,,,2022-06-28,1
30,25.98,26.81,24.98,25.22,242134.0,6130663.0,25.22,0.0,MMYT,1,0,True,29.559999465942383,19,19.9255733966931,26.264159322479824,,,,2022-06-29,2
31,24.83,25.99,24.56,25.68,241998.0,6145225.0,25.68,0.0,MMYT,-1,-1,True,29.559999465942383,20,19.9255733966931,26.211053957270366,,,,2022-06-30,3
32,25.73,25.92,25.03,25.91,169466.0,4324162.0,25.91,0.0,MMYT,0,0,True,29.559999465942383,21,19.9255733966931,26.183685401828704,,,,2022-07-01,4
33,25.63,26.26,24.76,26.22,141561.0,3664519.0,26.22,0.0,MMYT,0,0,True,29.559999465942383,22,19.9255733966931,26.186986666512865,,,,2022-07-05,1
34,26.0,26.545,24.97,25.15,151207.0,3818778.0,25.15,0.0,MMYT,0,0,True,29.559999465942383,23,19.9255733966931,26.092715116696265,,,,2022-07-06,2
35,25.26,26.5682,25.26,26.01,91833.0,2388944.0,26.01,0.0,MMYT,0,0,True,29.559999465942383,24,19.9255733966931,26.08519558144041,,,,2022-07-07,3
36,25.89,26.8,25.655,26.49,176889.0,4664793.0,26.49,0.0,MMYT,1,0,True,29.559999465942383,25,19.9255733966931,26.121995962320206,,,,2022-07-08,4
37,25.81,26.305,25.11,25.86,306223.0,7910720.0,25.86,0.0,MMYT,-1,0,True,29.559999465942383,26,19.9255733966931,26.09817820305033,,,,2022-07-11,0
38,25.83,27.005,25.71,26.54,184226.0,4892048.0,26.54,0.0,MMYT,0,0,True,29.559999465942383,27,19.9255733966931,26.138343904184605,,,,2022-07-12,1
39,25.82,27.55,25.27,27.2,482236.0,13005423.0,27.2,0.0,MMYT,0,0,True,29.559999465942383,28,19.9255733966931,26.23485816407141,,,,2022-07-13,2
40,27.09,27.75,26.33,26.52,159235.0,4230141.0,26.52,0.0,MMYT,1,1,True,29.559999465942383,29,19.9255733966931,26.260780190770706,,,,2022-07-14,3
41,26.6,27.21,26.0,27.02,115669.0,3118263.0,27.02,0.0,MMYT,-1,0,True,29.559999465942383,30,19.9255733966931,26.329800215042795,,,,2022-07-15,4
42,27.73,28.28,27.7,28.04,193906.0,5436989.0,28.04,0.0,MMYT,0,0,True,29.559999465942383,31,19.9255733966931,26.485273005995936,,,,2022-07-18,0
43,28.26,28.54,27.3,28.48,187852.0,5309299.0,28.48,0.0,MMYT,0,0,True,29.559999465942383,32,19.9255733966931,26.66661178201779,,,,2022-07-19,1
44,28.48,28.91,28.01,28.79,175838.0,5024254.0,28.79,0.0,MMYT,0,0,True,29.559999465942383,33,19.9255733966931,26.859647157791382,,,,2022-07-20,2
45,28.48,29.41,28.33,29.41,336141.0,9735618.0,29.41,0.0,MMYT,0,0,True,29.559999465942383,34,19.9255733966931,27.09149740230236,,,,2022-07-21,3
46,29.59,29.79,28.21,28.95,348737.0,10024794.0,28.95,0.0,MMYT,1,0,True,29.559999465942383,35,19.9255733966931,27.260452253269364,,,,2022-07-22,4
47,28.99,29.115,28.53,29.04,147334.0,4262063.0,29.04,0.0,MMYT,0,0,True,29.559999465942383,36,19.9255733966931,27.422229404383724,,,,2022-07-25,0
48,28.83,29.08,27.91,27.92,177203.0,5011744.0,27.92,0.0,MMYT,-1,0,True,29.559999465942383,37,19.9255733966931,27.46748128364829,,,,2022-07-26,1
49,28.97,30.71,28.56,30.22,762725.0,22634246.0,30.22,0.0,MMYT,0,0,False,0.0,0,0.0,27.717710195439764,26.790400085449217,,,2022-07-27,2
50,30.33,31.6,29.8,31.54,444984.0,13814395.0,31.54,0.0,MMYT,0,0,False,0.0,0,0.0,28.065191169993177,26.95540008544922,,,2022-07-28,3
51,31.26,32.02,31.07,32.0,324242.0,10335116.0,32.0,0.0,MMYT,1,1,False,0.0,0,0.0,28.42290106363016,27.089800071716308,,,2022-07-29,4
52,32.0,32.0,30.13,30.21,504135.0,15672751.0,30.21,0.0,MMYT,0,0,False,0.0,0,0.0,28.58536452007039,27.209600067138673,,,2022-08-01,0
53,29.88,30.38,29.12,30.19,532459.0,15986123.0,30.19,0.0,MMYT,-1,0,False,0.0,0,0.0,28.731240521341956,27.309200096130372,,,2022-08-02,1
54,30.53,32.09,30.34,31.81,557821.0,17517086.0,31.81,0.0,MMYT,0,0,False,0.0,0,0.0,29.01112769812381,27.44080009460449,,,2022-08-03,2
55,31.94,32.2,31.315,32.02,677610.0,21677556.0,32.02,0.0,MMYT,0,0,False,0.0,0,0.0,29.284661585363796,27.560400085449217,,,2022-08-04,3
56,31.8,32.2,31.45,32.07,437784.0,13994247.0,32.07,0.0,MMYT,0,0,False,0.0,0,0.0,29.53787414076929,27.698200073242187,,,2022-08-05,4
57,32.2,32.78,31.86,31.97,293723.0,9436556.0,31.97,0.0,MMYT,1,1,False,0.0,0,0.0,29.758976429186124,27.819000053405762,,,2022-08-08,0
58,31.7,31.95,31.351,31.68,212442.0,6718627.0,31.68,0.0,MMYT,-1,0,False,0.0,0,0.0,29.933614963367003,27.88080005645752,,,2022-08-09,1
59,32.2,32.44,31.64,32.26,629498.0,20125554.0,32.26,0.0,MMYT,0,0,False,0.0,0,0.0,30.14510435956393,27.941400032043457,,,2022-08-10,2
60,32.61,33.06,32.13,32.96,360531.0,11803641.0,32.96,0.0,MMYT,0,0,False,0.0,0,0.0,30.40100388001018,28.047400016784668,,,2022-08-11,3
61,33.2,34.43,33.03,34.1,585908.0,19992762.0,34.1,0.0,MMYT,1,1,False,0.0,0,0.0,30.73727611583844,28.190599975585936,,,2022-08-12,4
62,33.7,33.7,32.56,32.96,279230.0,9196412.0,32.96,0.0,MMYT,0,0,False,0.0,0,0.0,30.939341840259733,28.30919994354248,,,2022-08-15,0
63,32.71,33.5,32.27,33.03,379952.0,12529981.0,33.03,0.0,MMYT,-1,0,False,0.0,0,0.0,31.12940156199038,28.432799911499025,,,2022-08-16,1
64,32.81,33.29,32.31,33.14,481669.0,15813964.0,33.14,0.0,MMYT,0,0,False,0.0,0,0.0,31.312183182686567,28.536399917602537,,,2022-08-17,2
65,33.17,33.355,32.41,33.25,245634.0,8110245.0,33.25,0.0,MMYT,1,0,False,0.0,0,0.0,31.488348347896878,28.63479991912842,,,2022-08-18,3
66,32.7,33.03,32.2,32.99,263101.0,8647498.0,32.99,0.0,MMYT,0,0,False,0.0,0,0.0,31.624862287039598,28.721599960327147,,,2022-08-19,4
67,32.24,32.755,32.14,32.19,124206.0,4024547.8,32.19,0.0,MMYT,0,0,False,0.0,0,0.0,31.67623831791863,28.814599914550783,,,2022-08-22,0
68,32.4,32.78,31.84,32.17,236550.0,7642292.0,32.17,0.0,MMYT,0,0,False,0.0,0,0.0,31.721125577102875,28.929799880981445,,,2022-08-23,1
69,32.09,32.69,31.43,32.5,267621.0,8672794.0,32.5,0.0,MMYT,-1,-1,False,0.0,0,0.0,31.791932342820793,29.05779987335205,,,2022-08-24,2
70,33.0,33.49,32.62,33.43,268030.0,8867424.0,33.43,0.0,MMYT,0,0,False,0.0,0,0.0,31.940847612125793,29.186599884033203,,,2022-08-25,3
71,33.43,34.49,33.27,33.53,498822.0,16848810.0,33.53,0.0,MMYT,1,1,False,0.0,0,0.0,32.08531590005044,29.33159984588623,,,2022-08-26,4
72,32.94,33.39,32.1688,32.68,250454.0,8254788.5,32.68,0.0,MMYT,-1,0,False,0.0,0,0.0,32.1393781186982,29.472599868774413,,,2022-08-29,0
73,33.75,33.75,32.845,33.39,629802.0,20907348.0,33.39,0.0,MMYT,0,0,False,0.0,0,0.0,32.25307096151185,29.62039985656738,,,2022-08-30,1
74,33.69,34.32,33.25,33.35,393322.0,13256171.0,33.35,0.0,MMYT,1,0,False,0.0,0,0.0,32.352791644476326,29.764599838256835,,,2022-08-31,2
75,33.01,33.3,32.39,32.93,670158.0,22032986.0,32.93,0.0,MMYT,-1,0,False,0.0,0,0.0,32.40526515908537,29.898799858093263,,,2022-09-01,3
76,33.13,34.11,32.4399,33.59,471066.0,15780052.0,33.59,0.0,MMYT,1,0,False,0.0,0,0.0,32.51296834031287,30.03679985046387,,,2022-09-02,4
77,33.46,33.6,32.35,32.47,239300.0,7823100.0,32.47,0.0,MMYT,0,0,False,0.0,0,0.0,32.50906223853016,30.145999870300294,,,2022-09-06,1
78,32.42,33.44,32.1601,33.35,384120.0,12613387.0,33.35,0.0,MMYT,-1,-1,False,0.0,0,0.0,32.585510987220246,30.292799835205077,,,2022-09-07,2
79,33.28,33.57,32.19,32.62,449908.0,14821859.0,32.62,0.0,MMYT,1,0,False,0.0,0,0.0,32.58864625491702,30.42099983215332,,,2022-09-08,3
80,32.85,33.25,32.41,32.5,795602.0,25935670.0,32.5,0.0,MMYT,0,0,False,0.0,0,0.0,32.58058750447002,30.56659984588623,,,2022-09-09,4
81,32.73,32.99,32.145,32.5,469595.0,15213281.0,32.5,0.0,MMYT,0,0,False,0.0,0,0.0,32.57326136770001,30.702999839782716,,,2022-09-12,0
82,31.58,32.025,31.22,31.65,588648.0,18648486.0,31.65,0.0,MMYT,-1,-1,False,0.0,0,0.0,32.48932848141185,30.81779983520508,,,2022-09-13,1
83,32.55,33.99,31.94,33.98,329692.0,10963215.0,33.98,0.0,MMYT,0,0,False,0.0,0,0.0,32.62484403239589,30.972999839782716,,,2022-09-14,2
84,33.85,34.68,33.12,33.25,225735.0,7607540.5,33.25,0.0,MMYT,1,1,False,0.0,0,0.0,32.68167639308717,31.13499984741211,,,2022-09-15,3
85,32.48,32.805,31.73,32.27,372069.0,12025493.0,32.27,0.0,MMYT,0,0,True,34.68000030517578,0,35.12110783735486,32.64425130805776,31.260199851989746,,,2022-09-16,4
86,31.94,32.77,31.72,32.51,150227.0,4886118.0,32.51,0.0,MMYT,-1,0,True,34.68000030517578,1,35.12110783735486,32.63204649110098,31.380599822998047,,,2022-09-19,0
87,32.43,32.53,31.8,32.25,155258.0,5008871.5,32.25,0.0,MMYT,0,0,True,34.68000030517578,2,35.12110783735486,32.59731499190998,31.508399810791015,,,2022-09-20,1
88,32.09,32.09,30.45,30.51,385954.0,11898421.0,30.51,0.0,MMYT,0,0,True,34.68000030517578,3,35.12110783735486,32.407559104361965,31.587799797058107,,,2022-09-21,2
89,30.47,33.12,30.33,30.83,421011.0,12956866.0,30.83,0.0,MMYT,1,0,True,34.68000030517578,4,35.12110783735486,32.264144633393244,31.660399780273437,,,2022-09-22,3
90,30.56,30.94,30.21,30.62,561795.0,17166096.0,30.62,0.0,MMYT,0,0,True,34.68000030517578,5,35.12110783735486,32.11467701574235,31.742399787902833,,,2022-09-23,4
91,30.62,31.225,29.85,29.89,470763.0,14211911.0,29.89,0.0,MMYT,-1,-1,True,34.68000030517578,6,35.12110783735486,31.91243359518836,31.799799766540527,,,2022-09-26,0
92,30.64,31.5,30.47,31.37,272111.0,8486190.0,31.37,0.0,MMYT,0,0,True,34.68000030517578,7,35.12110783735486,31.863121526465182,31.86639976501465,,,2022-09-27,1
93,31.4,31.79,31.0,31.63,299298.0,9433244.0,31.63,0.0,MMYT,1,0,True,34.68000030517578,8,35.12110783735486,31.841928584128947,31.929399757385255,,,2022-09-28,2
94,31.08,31.1,29.5,29.83,323010.0,9612228.0,29.83,0.0,MMYT,-1,-1,True,34.68000030517578,9,35.12110783735486,31.659025978635956,31.95019973754883,,,2022-09-29,3
95,29.84,30.9,29.6,30.7,412508.0,12645350.0,30.7,0.0,MMYT,0,0,True,34.68000030517578,10,35.12110783735486,31.571841868118092,31.975999755859377,,,2022-09-30,4
96,30.92,31.1994,30.375,30.86,210225.0,6490991.0,30.86,0.0,MMYT,0,0,True,34.68000030517578,11,35.12110783735486,31.50712902650295,32.01419975280762,,,2022-10-03,0
97,31.91,32.86,31.585,32.77,248692.0,8086369.5,32.77,0.0,MMYT,0,0,True,34.68000030517578,12,35.12110783735486,31.621935520253928,32.088799743652345,,,2022-10-04,1
98,32.26,32.6592,31.831,32.55,179253.0,5790463.5,32.55,0.0,MMYT,0,0,True,34.68000030517578,13,35.12110783735486,31.70630494905453,32.181399726867674,,,2022-10-05,2
99,32.39,33.04,32.15,32.5,197688.0,6421064.5,32.5,0.0,MMYT,1,1,True,34.68000030517578,14,35.12110783735486,31.778459044595024,32.22699974060058,,,2022-10-06,3
100,31.89,32.14,31.32,31.44,202633.0,6409140.0,31.44,0.0,MMYT,0,0,True,34.68000030517578,15,35.12110783735486,31.747690089091623,32.22499973297119,,,2022-10-07,4
101,31.17,31.47,30.32,30.38,171718.0,5254055.5,30.38,0.0,MMYT,0,0,True,34.68000030517578,16,35.12110783735486,31.623354550152985,32.19259971618652,,,2022-10-10,0
102,30.46,30.5,29.475,30.15,259505.0,7802511.0,30.15,0.0,MMYT,-1,-1,True,34.68000030517578,17,35.12110783735486,31.489413192732737,32.19139972686767,,,2022-10-11,1
103,29.93,30.31,29.54,30.07,154248.0,4625789.5,30.07,0.0,MMYT,0,0,True,34.68000030517578,18,35.12110783735486,31.36037560201378,32.18899971008301,,,2022-10-12,2
104,29.27,30.22,29.1,29.94,240426.0,7192440.0,29.94,0.0,MMYT,0,0,True,34.68000030517578,19,35.12110783735486,31.231250595835945,32.151599731445316,,,2022-10-13,3
105,30.28,30.28,27.47,27.68,464248.0,13016446.0,27.68,0.0,MMYT,1,0,True,34.68000030517578,20,35.12110783735486,30.908409660321386,32.06479972839355,,,2022-10-14,4
106,28.5,29.105,28.33,28.86,256261.0,7392233.0,28.86,0.0,MMYT,0,0,True,34.68000030517578,21,35.12110783735486,30.722190655778675,32.000599746704104,,,2022-10-17,0
107,29.56,29.87,28.08,28.77,309573.0,8940097.0,28.77,0.0,MMYT,0,0,True,34.68000030517578,22,35.12110783735486,30.54471881959549,31.936599769592284,,,2022-10-18,1
108,28.5,28.85,27.83,28.56,247443.0,7053313.0,28.56,0.0,MMYT,-1,0,True,34.68000030517578,23,35.12110783735486,30.36428978744521,31.874199752807616,,,2022-10-19,2
109,28.51,29.41,28.0,28.11,229390.0,6522911.0,28.11,0.0,MMYT,1,0,True,34.68000030517578,24,35.12110783735486,30.159354407709422,31.791199798583985,,,2022-10-20,3
110,27.88,28.43,27.22,28.37,232504.0,6522946.0,28.37,0.0,MMYT,0,0,True,34.68000030517578,25,35.12110783735486,29.99668590148433,31.6993998336792,,,2022-10-21,4
111,27.78,28.08,26.06,27.4,341938.0,9349918.0,27.4,0.0,MMYT,-1,-1,True,34.68000030517578,26,35.12110783735486,29.76062351212487,31.56539985656738,,,2022-10-24,0
112,27.55,28.195,27.42,28.06,378741.0,10532408.0,28.06,0.0,MMYT,0,0,True,34.68000030517578,27,35.12110783735486,29.60602132610828,31.46739986419678,,,2022-10-25,1
113,28.29,28.7,27.8163,28.19,304745.0,8612764.0,28.19,0.0,MMYT,0,0,True,34.68000030517578,28,35.12110783735486,29.477292163194583,31.370599899291992,,,2022-10-26,2
114,28.06,28.81,27.53,28.0,188493.0,5262800.0,28.0,0.0,MMYT,1,0,True,34.68000030517578,29,35.12110783735486,29.342992875631438,31.267799911499022,,,2022-10-27,3
115,27.87,28.44,27.42,28.01,378567.0,10563723.0,28.01,0.0,MMYT,-1,0,True,34.68000030517578,30,35.12110783735486,29.221811725926926,31.16299991607666,,,2022-10-28,4
116,28.02,28.26,27.44,27.83,150720.0,4188735.0,27.83,0.0,MMYT,0,0,True,34.68000030517578,31,35.12110783735486,29.095283380270484,31.059799880981444,,,2022-10-31,0
117,30.06,32.07,28.3605,28.55,428563.0,12510011.0,28.55,0.0,MMYT,1,1,True,34.68000030517578,32,35.12110783735486,29.045712094524127,30.986999893188475,,,2022-11-01,1
118,28.5,29.13,27.21,27.23,289557.0,8035612.0,27.23,0.0,MMYT,0,0,True,34.68000030517578,33,35.12110783735486,28.88064731704342,30.888199920654298,,,2022-11-02,2
119,26.9,27.765,26.155,27.29,855090.0,23350542.0,27.29,0.0,MMYT,-1,-1,True,34.68000030517578,34,35.12110783735486,28.736043098723776,30.783999938964843,,,2022-11-03,3
120,28.05,28.97,27.08,27.72,176466.0,4878120.0,27.72,0.0,MMYT,1,0,True,34.68000030517578,35,35.12110783735486,28.64367548187202,30.66979991912842,,,2022-11-04,4
121,27.92,28.03,27.225,28.01,237522.0,6587506.5,28.01,0.0,MMYT,0,0,True,34.68000030517578,36,35.12110783735486,28.586068640691096,30.559399948120117,,,2022-11-07,0
122,28.18,28.645,27.71,28.49,213687.0,6048581.5,28.49,0.0,MMYT,0,0,True,34.68000030517578,37,35.12110783735486,28.577335107093553,30.475599937438965,,,2022-11-08,1
123,28.24,28.29,27.33,27.4,182483.0,5047699.0,27.4,0.0,MMYT,-1,0,True,34.68000030517578,38,35.12110783735486,28.470304608133254,30.355799942016603,,,2022-11-09,2
124,28.79,30.0,28.52,29.52,358532.0,10564217.0,29.52,0.0,MMYT,0,0,True,34.68000030517578,39,35.12110783735486,28.5657315035542,30.27919998168945,,,2022-11-10,3
125,29.2,30.78,29.1878,30.57,182785.0,5526248.5,30.57,0.0,MMYT,1,1,True,34.68000030517578,40,35.12110783735486,28.747937702760566,30.231999969482423,,,2022-11-11,4
126,30.34,30.455,28.895,29.47,272403.0,8018672.5,29.47,0.0,MMYT,-1,0,True,34.68000030517578,41,35.12110783735486,28.813579667360013,30.149599952697756,,,2022-11-14,0
127,30.48,31.82,29.85,29.89,313615.0,9589782.0,29.89,0.0,MMYT,1,1,True,34.68000030517578,42,35.12110783735486,28.91143600574987,30.09799991607666,,,2022-11-15,1
128,29.62,30.29,29.305,29.67,262990.0,7831158.5,29.67,0.0,MMYT,0,0,True,34.68000030517578,43,35.12110783735486,28.98039637579933,30.024399948120116,,,2022-11-16,2
129,28.93,29.33,28.33,28.74,320214.0,9213646.0,28.74,0.0,MMYT,0,0,True,34.68000030517578,44,35.12110783735486,28.95854213901013,29.946799964904784,,,2022-11-17,3
130,28.89,29.03,28.19,28.53,185683.0,5295363.5,28.53,0.0,MMYT,0,0,True,34.68000030517578,45,35.12110783735486,28.919583825158803,29.867399978637696,,,2022-11-18,4
131,28.59,28.69,28.02,28.36,173490.0,4917626.0,28.36,0.0,MMYT,-1,-1,True,34.68000030517578,46,35.12110783735486,28.86871262381269,29.784599990844725,,,2022-11-21,0
132,28.23,28.77,28.105,28.68,155879.0,4456004.0,28.68,0.0,MMYT,0,0,True,34.68000030517578,47,35.12110783735486,28.85155695848206,29.725200004577637,,,2022-11-22,1
133,28.71,29.155,28.59,28.93,130824.0,3785157.0,28.93,0.0,MMYT,1,0,True,34.68000030517578,48,35.12110783735486,28.858688171817853,29.624200019836426,,,2022-11-23,2
134,28.79,28.98,28.46,28.5,77003.0,2204218.5,28.5,0.0,MMYT,0,0,True,34.68000030517578,49,35.12110783735486,28.826080156198046,29.529200019836427,,,2022-11-25,4
135,28.38,28.81,28.34,28.73,217422.0,6225248.5,28.73,0.0,MMYT,-1,0,True,34.68000030517578,50,35.12110783735486,28.8173455549288,29.458400001525877,,,2022-11-28,0
136,29.17,29.9,29.03,29.69,191888.0,5689517.5,29.69,0.0,MMYT,0,0,True,34.68000030517578,51,35.12110783735486,28.89667782575869,29.40200004577637,,,2022-11-29,1
137,29.97,30.08,29.22,29.69,255537.0,7568597.0,29.69,0.0,MMYT,0,0,True,34.68000030517578,52,35.12110783735486,28.968798071967683,29.35080005645752,,,2022-11-30,2
138,29.75,30.8,29.51,29.78,231180.0,6943191.0,29.78,0.0,MMYT,1,1,True,34.68000030517578,53,35.12110783735486,29.04254376421112,29.336200065612793,,,2022-12-01,3
139,29.48,29.765,29.21,29.29,217119.0,6383646.0,29.29,0.0,MMYT,0,0,True,34.68000030517578,54,35.12110783735486,29.06503986887623,29.305400085449218,,,2022-12-02,4
140,29.0,29.35,27.98,28.03,392136.0,11141054.0,28.03,0.0,MMYT,0,0,True,34.68000030517578,55,35.12110783735486,28.970945397764346,29.253600082397462,,,2022-12-05,0
141,28.0,28.005,27.48,27.78,299104.0,8308331.5,27.78,0.0,MMYT,0,0,True,34.68000030517578,56,35.12110783735486,28.86267769675354,29.2114001083374,,,2022-12-06,1
142,27.75,28.12,27.04,28.08,207914.0,5773085.5,28.08,0.0,MMYT,-1,-1,True,34.68000030517578,57,35.12110783735486,28.791525171931042,29.145600090026857,,,2022-12-07,2
143,29.75,33.7,28.7,29.37,813537.0,24989904.0,29.37,0.0,MMYT,1,1,True,34.68000030517578,58,35.12110783735486,28.844113868958527,29.10040012359619,,,2022-12-08,3
144,29.07,29.52,28.24,28.59,406216.0,11687931.0,28.59,0.0,MMYT,0,0,True,34.68000030517578,59,35.12110783735486,28.82101262201574,29.07560012817383,,,2022-12-09,4
145,28.51,29.05,28.23,28.93,120657.0,3476333.2,28.93,0.0,MMYT,-1,0,True,34.68000030517578,60,35.12110783735486,28.830920593212106,29.040200119018554,,,2022-12-12,0
146,30.0,30.0,28.525,28.9,255607.0,7409280.0,28.9,0.0,MMYT,1,0,True,34.68000030517578,61,35.12110783735486,28.837200504604663,29.00100009918213,,,2022-12-13,1
147,28.9,29.45,28.54,28.81,333516.0,9686572.0,28.81,0.0,MMYT,0,0,True,34.68000030517578,62,35.12110783735486,28.83472768290809,28.921800079345704,,,2022-12-14,2
148,28.7,28.79,28.1151,28.53,160741.0,4576264.0,28.53,0.0,MMYT,0,0,True,34.68000030517578,63,35.12110783735486,28.8070252287024,28.841400108337403,,,2022-12-15,3
149,28.42,28.52,27.915,28.34,269744.0,7617139.0,28.34,0.0,MMYT,-1,-1,True,34.68000030517578,64,35.12110783735486,28.76456840360108,28.75820011138916,29.258533312479656,,2022-12-16,4
150,28.58,29.05,28.0,29.04,219717.0,6293068.5,29.04,0.0,MMYT,0,0,True,34.68000030517578,65,35.12110783735486,28.7896077228671,28.710200119018555,29.296866645812987,,2022-12-19,0
151,29.0,29.46,27.87,28.08,308846.0,8865270.0,28.08,0.0,MMYT,1,0,True,34.68000030517578,66,35.12110783735486,28.72509792294337,28.664200134277344,29.31553330739339,,2022-12-20,1
152,28.23,28.99,27.95,28.44,161229.0,4615164.0,28.44,0.0,MMYT,0,0,True,34.68000030517578,67,35.12110783735486,28.69917997849921,28.63000015258789,29.343666648864748,,2022-12-21,2
153,28.2,28.29,27.58,28.25,140454.0,3923245.5,28.25,0.0,MMYT,-1,-1,True,34.68000030517578,68,35.12110783735486,28.658345434999283,28.593600158691405,29.363933321634928,,2022-12-22,3
154,28.25,28.41,27.73,28.0,155708.0,4356040.5,28.0,0.0,MMYT,1,0,True,34.68000030517578,69,35.12110783735486,28.59849584999935,28.554800148010255,29.382399991353353,,2022-12-23,4
155,28.0,28.12,27.64,27.73,126254.0,3514343.2,27.73,0.0,MMYT,0,0,True,34.68000030517578,70,35.12110783735486,28.51954164020271,28.555800132751465,29.393666648864745,,2022-12-27,1
156,27.73,27.895,26.83,26.99,186470.0,5043006.5,26.99,0.0,MMYT,-1,-1,True,34.68000030517578,71,35.12110783735486,28.380492379376843,28.5184001159668,29.40573331197103,,2022-12-28,2
157,27.14,27.855,27.13,27.45,179526.0,4941291.5,27.45,0.0,MMYT,0,0,True,34.68000030517578,72,35.12110783735486,28.29590223242799,28.492000122070312,29.41586664835612,,2022-12-29,3
158,27.14,27.74,27.1,27.57,173211.0,4759214.5,27.57,0.0,MMYT,0,0,True,34.68000030517578,73,35.12110783735486,28.22991109264583,28.472200126647948,29.40906664530436,,2022-12-30,4
159,27.98,28.51,26.52,27.37,316164.0,8671588.0,27.37,0.0,MMYT,1,1,True,34.68000030517578,74,35.12110783735486,28.151737433244698,28.457400131225587,29.39666665395101,,2023-01-03,1
160,27.61,28.15,26.73,26.96,503954.0,13634526.0,26.96,0.0,MMYT,0,0,True,34.68000030517578,75,35.12110783735486,28.043397583356327,28.429200096130373,29.39199998219808,,2023-01-04,2
161,26.73,27.765,26.2501,27.42,277024.0,7549901.5,27.42,0.0,MMYT,-1,-1,True,34.68000030517578,76,35.12110783735486,27.98672508271429,28.429600105285644,29.395199979146323,,2023-01-05,3
162,27.46,27.94,27.11,27.2,191695.0,5239983.0,27.2,0.0,MMYT,1,0,True,34.68000030517578,77,35.12110783735486,27.91520469000749,28.412400131225585,29.396333312988283,,2023-01-06,4
163,27.43,27.54,26.68,26.89,382716.0,10361921.0,26.89,0.0,MMYT,0,0,True,34.68000030517578,78,35.12110783735486,27.822004208156667,28.3864001083374,29.396599973042807,,2023-01-09,0
164,27.05,27.71,26.66,27.7,360630.0,9802536.0,27.7,0.0,MMYT,-1,0,True,34.68000030517578,79,35.12110783735486,27.810912985864192,28.380400123596193,29.39486665089925,,2023-01-10,1
165,27.81,28.5,27.14,27.16,657200.0,18197934.0,27.16,0.0,MMYT,1,1,True,34.68000030517578,80,35.12110783735486,27.75173906418673,28.363400115966797,29.387066650390626,,2023-01-11,2
166,27.19,28.107,26.22,27.76,501966.0,13723801.0,27.76,0.0,MMYT,-1,-1,True,34.68000030517578,81,35.12110783735486,27.752490079159013,28.362000122070313,29.381133321126303,,2023-01-12,3
167,27.64,28.23,27.21,27.76,527919.0,14710093.0,27.76,0.0,MMYT,0,0,True,34.68000030517578,82,35.12110783735486,27.753172820042906,28.34620014190674,29.382599983215332,,2023-01-13,4
168,27.76,29.56,27.58,29.41,423270.0,12281094.0,29.41,0.0,MMYT,0,0,True,34.68000030517578,83,35.12110783735486,27.90379345889465,28.389800148010252,29.40259998321533,,2023-01-17,1
169,29.74,29.74,28.975,29.5,377347.0,11077474.0,29.5,0.0,MMYT,0,0,True,34.68000030517578,84,35.12110783735486,28.04890314444968,28.434000129699708,29.425266647338866,,2023-01-18,2
170,29.5,29.7,29.1,29.46,312570.0,9216033.0,29.46,0.0,MMYT,0,0,True,34.68000030517578,85,35.12110783735486,28.177184593542677,28.46880012512207,29.441733309427896,,2023-01-19,3
171,29.57,30.85,29.5,30.82,217673.0,6603502.5,30.82,0.0,MMYT,0,0,True,34.68000030517578,86,35.12110783735486,28.417440511840997,28.525000114440918,29.47199996948242,,2023-01-20,4
172,30.94,31.06,30.4,30.57,264353.0,8098850.5,30.57,0.0,MMYT,1,1,True,34.68000030517578,87,35.12110783735486,28.613127710294016,28.56660011291504,29.504933306376138,,2023-01-23,0
173,30.5,30.705,29.66,29.74,567312.0,16972954.0,29.74,0.0,MMYT,0,0,True,34.68000030517578,88,35.12110783735486,28.715570624914395,28.613400115966797,29.529866638183595,,2023-01-24,1
174,29.56,30.16,28.6,28.63,199969.0,5780784.0,28.63,0.0,MMYT,0,0,True,34.68000030517578,89,35.12110783735486,28.70779140090096,28.595600090026856,29.546466636657716,,2023-01-25,2
175,28.77,29.055,27.94,28.95,423050.0,11976249.0,28.95,0.0,MMYT,-1,0,True,34.68000030517578,90,35.12110783735486,28.729810433813547,28.56320011138916,29.564666646321616,,2023-01-26,3
176,28.62,29.685,28.62,29.47,164257.0,4803926.0,29.47,0.0,MMYT,0,0,True,34.68000030517578,91,35.12110783735486,28.797100331953633,28.56320011138916,29.583199971516926,,2023-01-27,4
177,29.06,29.87,28.725,28.85,234001.0,6794640.0,28.85,0.0,MMYT,1,0,True,34.68000030517578,92,35.12110783735486,28.801909427364187,28.542400131225588,29.595466639200847,,2023-01-30,0
178,28.88,29.55,28.21,28.98,389539.0,11265468.0,28.98,0.0,MMYT,0,0,True,34.68000030517578,93,35.12110783735486,28.818099437807106,28.528600120544432,29.61526663462321,,2023-01-31,1
179,28.97,29.77,27.71,28.53,581880.0,16770247.0,28.53,0.0,MMYT,0,0,True,34.68000030517578,94,35.12110783735486,28.791908642246963,28.52440013885498,29.630733311971028,,2023-02-01,2
180,28.53,28.59,27.34,28.04,990658.0,27667196.0,28.04,0.0,MMYT,0,0,True,34.68000030517578,95,35.12110783735486,28.72355339436336,28.514600143432617,29.649533322652182,,2023-02-02,3
181,27.8,28.25,27.04,27.49,607131.0,16744977.0,27.49,0.0,MMYT,0,0,True,34.68000030517578,96,35.12110783735486,28.611412155886523,28.49720012664795,29.661599985758464,,2023-02-03,4
182,27.28,27.38,26.31,27.05,265996.0,7144333.5,27.05,0.0,MMYT,0,0,True,34.68000030517578,97,35.12110783735486,28.469465526902344,28.464600105285644,29.669199981689452,,2023-02-06,0
183,27.21,27.3147,26.44,27.03,369908.0,9952930.0,27.03,0.0,MMYT,0,0,True,34.68000030517578,98,35.12110783735486,28.338605086878996,28.42660011291504,29.674599990844726,,2023-02-07,1
184,26.99,27.24,26.55,26.55,353939.0,9475796.0,26.55,0.0,MMYT,0,0,True,34.68000030517578,99,35.12110783735486,28.176004555077316,28.38760009765625,29.683933321634928,,2023-02-08,2
185,26.85,27.03,25.81,26.51,665380.0,17598104.0,26.51,0.0,MMYT,0,0,True,34.68000030517578,100,35.12110783735486,28.024549616332273,28.34320011138916,29.687266654968262,,2023-02-09,3
186,26.19,26.42,25.27,25.61,376750.0,9669100.0,25.61,0.0,MMYT,-1,0,True,34.68000030517578,101,35.12110783735486,27.805045161243118,28.26160011291504,29.681399993896484,,2023-02-10,4
187,25.68,26.2,25.68,25.91,227908.0,5937505.0,25.91,0.0,MMYT,0,0,True,34.68000030517578,102,35.12110783735486,27.632768314531205,28.186000099182127,29.681733322143554,,2023-02-13,0
188,25.77,26.37,25.6201,26.29,270429.0,7050787.0,26.29,0.0,MMYT,0,0,True,34.68000030517578,103,35.12110783735486,27.5106985509854,28.116200103759766,29.68006665547689,,2023-02-14,1
189,26.21,26.65,25.92,26.49,282919.0,7470731.0,26.49,0.0,MMYT,0,0,True,34.68000030517578,104,35.12110783735486,27.41790775281565,28.06020008087158,29.675333315531415,,2023-02-15,2
190,26.14,27.5,26.095,27.43,285149.0,7755539.5,27.43,0.0,MMYT,1,0,True,34.68000030517578,105,35.12110783735486,27.41900707575748,28.04820007324219,29.681399981180828,,2023-02-16,3
191,27.14,27.2704,26.495,26.59,228022.0,6069763.0,26.59,0.0,MMYT,0,0,True,34.68000030517578,106,35.12110783735486,27.343642810014792,28.024400062561035,29.678533312479654,,2023-02-17,4
192,26.37,27.23,25.95,26.15,425282.0,11287750.0,26.15,0.0,MMYT,0,0,True,34.68000030517578,107,35.12110783735486,27.235129792607108,27.98580005645752,29.665933303833008,,2023-02-21,1
193,26.06,26.3899,25.29,25.56,182430.0,4682011.0,25.56,0.0,MMYT,0,0,True,34.68000030517578,108,35.12110783735486,27.08284521745577,27.9096000289917,29.646466636657713,,2023-02-22,2
194,25.65,26.28,25.51,26.27,175408.0,4574798.5,26.27,0.0,MMYT,0,0,True,34.68000030517578,109,35.12110783735486,27.008950239301942,27.863200035095215,29.629666633605957,,2023-02-23,3
195,25.96,26.03,25.515,25.67,286470.0,7402442.0,25.67,0.0,MMYT,0,0,True,34.68000030517578,110,35.12110783735486,26.887227497210304,27.798000030517578,29.604733301798504,,2023-02-24,4
196,25.5,25.8999,25.14,25.27,561041.0,14314737.0,25.27,0.0,MMYT,0,0,True,34.68000030517578,111,35.12110783735486,26.74020685726061,27.725400047302244,29.580199966430666,,2023-02-27,0
197,25.35,26.02,25.04,25.92,466125.0,12015677.0,25.92,0.0,MMYT,-1,-1,True,34.68000030517578,112,35.12110783735486,26.665642604445456,27.667600059509276,29.559399960835776,,2023-02-28,1
198,26.21,26.63,25.985,26.29,378622.0,9961999.0,26.29,0.0,MMYT,1,0,True,34.68000030517578,113,35.12110783735486,26.631493359998352,27.622800064086913,29.548533299763996,,2023-03-01,2
199,25.98,26.29,25.5346,25.76,120691.0,3123133.0,25.76,0.0,MMYT,-1,0,True,34.68000030517578,114,35.12110783735486,26.55226671171503,27.571200065612793,29.51879997253418,28.83670000076294,2023-03-02,3
200,25.9,26.06,25.64,25.92,154215.0,3994615.8,25.92,0.0,MMYT,0,0,True,34.68000030517578,115,35.12110783735486,26.49478792667675,27.508800048828125,29.481333300272624,28.84984999656677,2023-03-03,4
201,25.96,26.28,25.75,25.84,168900.0,4386924.0,25.84,0.0,MMYT,0,0,True,34.68000030517578,116,35.12110783735486,26.435261765395943,27.464000053405762,29.44026663462321,28.852649993896485,2023-03-06,0
202,25.78,26.31,25.39,25.58,170867.0,4380620.0,25.58,0.0,MMYT,1,0,True,34.68000030517578,117,35.12110783735486,26.357510688878676,27.406800041198732,29.409399973551434,28.859449996948243,2023-03-07,1
203,25.59,25.84,25.15,25.35,213641.0,5438125.0,25.35,0.0,MMYT,-1,-1,True,34.68000030517578,118,35.12110783735486,26.265918842750587,27.348800048828124,29.377133305867513,28.860150003433226,2023-03-08,2
204,25.31,25.79,25.2,25.33,312783.0,7954416.0,25.33,0.0,MMYT,0,0,True,34.68000030517578,119,35.12110783735486,26.18083530465563,27.295400047302245,29.33393330891927,28.860650005340577,2023-03-09,3
205,25.41,25.88,25.15,25.32,931991.0,23722154.0,25.32,0.0,MMYT,1,0,True,34.68000030517578,120,35.12110783735486,26.102577521943683,27.247200050354003,29.289266637166342,28.85704999923706,2023-03-10,4
206,25.03,25.26,24.45,25.04,276904.0,6908671.5,25.04,0.0,MMYT,-1,-1,True,34.68000030517578,121,35.12110783735486,26.005979648633105,27.20820007324219,29.242399978637696,28.856350002288817,2023-03-13,0
207,25.14,25.47,24.92,24.99,292048.0,7316620.0,24.99,0.0,MMYT,1,0,True,34.68000030517578,122,35.12110783735486,25.91361784158629,27.159000053405762,29.19586664835612,28.85164999961853,2023-03-14,1
208,24.42,24.72,23.965,24.68,418874.0,10240464.0,24.68,0.0,MMYT,-1,-1,True,34.68000030517578,123,35.12110783735486,25.8014707928217,27.101200065612794,29.149199981689453,28.83210000038147,2023-03-15,2
209,24.64,25.34,24.51,25.27,225528.0,5659512.5,25.27,0.0,MMYT,0,0,True,34.68000030517578,124,35.12110783735486,25.753155307816424,27.0592000579834,29.10259999593099,28.812300004959106,2023-03-16,3
210,25.18,25.51,24.42,25.38,352864.0,8921390.0,25.38,0.0,MMYT,0,0,True,34.68000030517578,125,35.12110783735486,25.719232021720984,27.02760005950928,29.05206666310628,28.80090000152588,2023-03-17,4
211,25.37,25.6,24.89,24.89,158098.0,3989207.8,24.89,0.0,MMYT,1,1,True,34.68000030517578,126,35.12110783735486,25.643847236987114,26.977000045776368,28.990666669209798,28.790649995803832,2023-03-20,0
212,25.16,25.5,24.87,25.07,161968.0,4076313.5,25.07,0.0,MMYT,0,0,True,34.68000030517578,127,35.12110783735486,25.59167927860867,26.934400024414064,28.938066673278808,28.780849990844725,2023-03-21,1
213,25.02,25.04,24.52,24.55,116257.0,2867014.0,24.55,0.0,MMYT,0,0,True,34.68000030517578,128,35.12110783735486,25.496981093013385,26.887600021362303,28.881533342997233,28.76934998512268,2023-03-22,2
214,24.66,25.095,24.295,24.33,141663.0,3484782.2,24.33,0.0,MMYT,0,0,True,34.68000030517578,129,35.12110783735486,25.390891895803627,26.820200004577636,28.822800013224285,28.75119998931885,2023-03-23,3
215,24.15,24.47,23.92,24.07,155792.0,3758793.5,24.07,0.0,MMYT,0,0,True,34.68000030517578,130,35.12110783735486,25.27081078662368,26.758400001525878,28.761600011189778,28.729899988174438,2023-03-24,4
216,24.06,24.26,23.59,23.78,412962.0,9823334.0,23.78,0.0,MMYT,-1,-1,True,34.68000030517578,131,35.12110783735486,25.13528259571657,26.67880001068115,28.70020000457764,28.705549993515014,2023-03-27,0
217,23.78,24.01,23.61,23.89,241677.0,5755538.0,23.89,0.0,MMYT,0,0,True,34.68000030517578,132,35.12110783735486,25.02207503152856,26.601399993896486,28.644866676330565,28.68729998588562,2023-03-28,1
218,23.95,24.755,23.75,23.78,564535.0,13533654.0,23.78,0.0,MMYT,1,0,True,34.68000030517578,133,35.12110783735486,24.909159181993733,26.488800010681153,28.5889333597819,28.674149990081787,2023-03-29,2
219,23.95,24.355,23.78,23.86,407868.0,9796745.0,23.86,0.0,MMYT,0,0,True,34.68000030517578,134,35.12110783735486,24.81378113002626,26.376000022888185,28.531333363850912,28.662949991226196,2023-03-30,3
220,23.9,24.52,23.74,24.47,274994.0,6665799.5,24.47,0.0,MMYT,-1,0,True,34.68000030517578,135,35.12110783735486,24.782528237601554,26.27620002746582,28.471600023905435,28.65034998893738,2023-03-31,4
221,24.39,24.855,24.39,24.74,160285.0,3955673.5,24.74,0.0,MMYT,1,1,True,34.68000030517578,136,35.12110783735486,24.77866201337579,26.1546000289917,28.41300003051758,28.642649984359743,2023-04-03,0
222,24.71,24.84,23.95,23.96,284387.0,6889588.0,23.96,0.0,MMYT,0,0,True,34.68000030517578,137,35.12110783735486,24.704238110748232,26.02240001678467,28.354866689046222,28.63429998397827,2023-04-04,1
223,23.86,23.97,23.03,23.42,265905.0,6207579.0,23.42,0.0,MMYT,-1,-1,True,34.68000030517578,138,35.12110783735486,24.587489198525116,25.896000022888185,28.288400026957195,28.62139998435974,2023-04-05,2
224,23.46,24.0,23.39,23.86,368222.0,8749875.0,23.86,0.0,MMYT,0,0,True,34.68000030517578,139,35.12110783735486,24.52135387232752,25.800600051879883,28.225133374532064,28.60999999046326,2023-04-06,3
225,23.75,24.2,23.655,24.03,174553.0,4187125.0,24.03,0.0,MMYT,0,0,True,34.68000030517578,140,35.12110783735486,24.476685400901882,25.702200050354005,28.16580004374186,28.59904999732971,2023-04-10,0
226,24.21,24.33,23.97,24.17,132478.0,3193978.2,24.17,0.0,MMYT,0,0,True,34.68000030517578,141,35.12110783735486,24.448804916846612,25.59620006561279,28.103000043233237,28.586449995040894,2023-04-11,1
227,24.29,24.64,23.85,24.02,291275.0,6992347.5,24.02,0.0,MMYT,0,0,True,34.68000030517578,142,35.12110783735486,24.409822693293616,25.499600067138672,28.04666670481364,28.571499996185302,2023-04-12,2
228,24.19,24.54,24.1,24.5,151345.0,3696480.5,24.5,0.0,MMYT,0,0,True,34.68000030517578,143,35.12110783735486,24.418020630266923,25.410000076293944,27.987666714986165,28.563949995040893,2023-04-13,3
229,24.46,24.76,23.88,24.03,268725.0,6495916.5,24.03,0.0,MMYT,1,0,True,34.68000030517578,144,35.12110783735486,24.382746089937704,25.320000076293944,27.930400060017902,28.55305000305176,2023-04-14,4
230,24.0,24.37,23.84,23.99,200484.0,4824126.0,23.99,0.0,MMYT,0,0,True,34.68000030517578,145,35.12110783735486,24.34704187913593,25.23900005340576,27.873666725158692,28.546900005340575,2023-04-17,0
231,23.99,24.7322,23.6786,24.07,233523.0,5620618.5,24.07,0.0,MMYT,0,0,True,34.68000030517578,146,35.12110783735486,24.321856226016685,25.170600051879884,27.817466723124188,28.538850002288818,2023-04-18,1
232,23.93,24.42,23.8324,24.0,198285.0,4785886.0,24.0,0.0,MMYT,0,0,True,34.68000030517578,147,35.12110783735486,24.292596569106074,25.109600067138672,27.766466725667318,28.52930000305176,2023-04-19,2
233,23.94,23.94,23.39,23.5,224621.0,5284591.0,23.5,0.0,MMYT,0,0,True,34.68000030517578,148,35.12110783735486,24.220542335550977,25.03900005340576,27.696600062052408,28.515700006484984,2023-04-20,3
234,23.5,23.71,22.7,23.15,405056.0,9326050.0,23.15,0.0,MMYT,-1,-1,True,34.68000030517578,149,35.12110783735486,24.123220270367277,24.971000061035156,27.629266726175945,28.505700006484986,2023-04-21,4
235,23.18,24.41,23.08,23.12,143073.0,3329623.5,23.12,0.0,MMYT,1,0,True,34.68000030517578,150,35.12110783735486,24.03201850390056,24.90320007324219,27.568266728719074,28.491250009536742,2023-04-24,0
236,22.99,23.01,22.5,22.51,202587.0,4589973.0,22.51,0.0,MMYT,0,0,True,34.68000030517578,151,35.12110783735486,23.893653206171585,24.841200065612792,27.501600074768067,28.47135001182556,2023-04-25,1
237,22.51,23.0199,22.5,22.71,242227.0,5502743.5,22.71,0.0,MMYT,0,0,True,34.68000030517578,152,35.12110783735486,23.786048286017135,24.777200050354004,27.43800006866455,28.455600004196167,2023-04-26,2
238,22.78,23.0,22.62,22.78,118105.0,2693916.0,22.78,0.0,MMYT,0,0,True,34.68000030517578,153,35.12110783735486,23.694589413346986,24.70700004577637,27.386466738382975,28.436800003051758,2023-04-27,3
239,22.75,23.64,22.75,23.44,123891.0,2896559.2,23.44,0.0,MMYT,0,0,True,34.68000030517578,154,35.12110783735486,23.671444969775223,24.646000061035156,27.33720007578532,28.418000001907348,2023-04-28,4
240,23.37,24.13,23.28,24.12,260884.0,6199465.0,24.12,0.0,MMYT,0,0,True,34.68000030517578,155,35.12110783735486,23.712222776089604,24.57980007171631,27.293866742451986,28.406000003814697,2023-05-01,0
241,24.06,24.52,23.8398,24.51,237924.0,5781053.5,24.51,0.0,MMYT,0,0,True,34.68000030517578,156,35.12110783735486,23.784747999070714,24.538200073242187,27.258000081380207,28.39345000267029,2023-05-02,1
242,24.61,25.45,24.37,25.23,501324.0,12598473.0,25.23,0.0,MMYT,0,0,True,34.68000030517578,157,35.12110783735486,23.91613450299486,24.519800071716308,27.217066739400227,28.379399995803833,2023-05-03,2
243,25.2,25.45,24.185,24.96,518167.0,12805461.0,24.96,0.0,MMYT,-1,0,True,34.68000030517578,158,35.12110783735486,24.011031283129206,24.507800064086915,27.172600072224935,28.361799993515014,2023-05-04,3
244,25.25,25.435,24.8,25.3,169577.0,4270203.0,25.3,0.0,MMYT,0,0,True,34.68000030517578,159,35.12110783735486,24.128210188032053,24.48840003967285,27.142400067647298,28.34434998512268,2023-05-05,4
245,25.37,25.62,25.24,25.57,344182.0,8753512.0,25.57,0.0,MMYT,0,0,True,34.68000030517578,160,35.12110783735486,24.259281961376796,24.486400032043456,27.10820006052653,28.32514998435974,2023-05-08,0
246,25.49,25.71,25.37,25.46,117584.0,2996898.8,25.46,0.0,MMYT,0,0,True,34.68000030517578,161,35.12110783735486,24.368438063476418,24.490200004577638,27.072200050354002,28.307699975967406,2023-05-09,1
247,25.65,25.92,25.2,25.34,118080.0,3001806.2,25.34,0.0,MMYT,0,0,True,34.68000030517578,162,35.12110783735486,24.456761889759278,24.478600006103516,27.022666714986165,28.28919997215271,2023-05-10,2
248,25.25,25.92,25.08,25.69,262688.0,6735346.5,25.69,0.0,MMYT,0,0,True,34.68000030517578,163,35.12110783735486,24.5688744937864,24.46659999847412,26.97693339029948,28.27804997444153,2023-05-11,3
249,25.69,25.91,25.38,25.75,300805.0,7704879.5,25.75,0.0,MMYT,0,0,True,34.68000030517578,164,35.12110783735486,24.676249539805816,24.466399993896484,26.93193339029948,28.255699977874755,2023-05-12,4
250,25.96,26.84,25.87,26.57,470821.0,12485090.0,26.57,0.0,MMYT,1,1,True,34.68000030517578,165,35.12110783735486,24.84840864480749,24.47939998626709,26.899466718037925,28.23084997177124,2023-05-15,0
251,25.6,26.49,25.31,25.81,480011.0,12372860.0,25.81,0.0,MMYT,-1,0,True,34.68000030517578,166,35.12110783735486,24.93582599218339,24.47879997253418,26.869000053405763,28.19989996910095,2023-05-16,1
252,26.04,26.55,25.9,26.3,665383.0,17394310.0,26.3,0.0,MMYT,1,0,True,34.68000030517578,167,35.12110783735486,25.059841741717676,24.49319995880127,26.843333384195965,28.18034996986389,2023-05-17,2
253,26.18,26.25,25.74,25.92,270684.0,7014776.0,25.92,0.0,MMYT,-1,0,True,34.68000030517578,168,35.12110783735486,25.13803795395188,24.504599952697752,26.81566672007243,28.158999967575074,2023-05-18,3
254,26.13,26.18,25.76,26.04,190664.0,4946682.0,26.04,0.0,MMYT,0,0,True,34.68000030517578,169,35.12110783735486,25.220034586822376,24.51879997253418,26.78966672261556,28.130149974823,2023-05-19,4
255,26.07,26.7,26.07,26.55,228088.0,6051813.5,26.55,0.0,MMYT,1,1,True,34.68000030517578,170,35.12110783735486,25.340940464116752,24.543399963378906,26.782133382161458,28.10279996871948,2023-05-22,0
256,26.43,26.68,25.9857,26.13,154242.0,4037608.2,26.13,0.0,MMYT,0,0,True,34.68000030517578,171,35.12110783735486,25.412673072903104,24.56519992828369,26.763933372497558,28.073099966049195,2023-05-23,1
257,26.05,26.39,26.0,26.11,180630.0,4730121.5,26.11,0.0,MMYT,0,0,True,34.68000030517578,172,35.12110783735486,25.47606648539842,24.58759994506836,26.746200040181478,28.04379997253418,2023-05-24,2
258,26.05,26.26,25.755,26.2,200132.0,5211857.5,26.2,0.0,MMYT,-1,0,True,34.68000030517578,173,35.12110783735486,25.541878692447604,24.617999954223635,26.730466715494792,28.016399974823,2023-05-25,3
259,26.21,26.6,26.21,26.37,323018.0,8543729.0,26.37,0.0,MMYT,0,0,True,34.68000030517578,174,35.12110783735486,25.617162523973583,24.63999996185303,26.71886671702067,27.9869499874115,2023-05-26,4
260,26.62,26.62,25.945,26.28,291447.0,7660655.5,26.28,0.0,MMYT,1,0,True,34.68000030517578,175,35.12110783735486,25.67742053876194,24.657999992370605,26.704933382670085,27.953549995422364,2023-05-30,1
261,26.19,26.19,25.78,26.07,396244.0,10314945.0,26.07,0.0,MMYT,-1,0,True,34.68000030517578,176,35.12110783735486,25.71310955294942,24.68159999847412,26.696066716512043,27.91340000152588,2023-05-31,2
262,26.02,27.05,25.96,26.87,201324.0,5382679.0,26.87,0.0,MMYT,0,0,True,34.68000030517578,177,35.12110783735486,25.818281488066145,24.717600021362305,26.688133392333985,27.882950010299684,2023-06-01,3
263,27.0,27.97,26.95,27.95,435268.0,12055792.0,27.95,0.0,MMYT,0,0,True,34.68000030517578,178,35.12110783735486,26.01207414941826,24.785600051879882,26.686533393859865,27.857550020217897,2023-06-02,4
264,27.93,27.93,27.26,27.61,777777.0,21402324.0,27.61,0.0,MMYT,0,0,True,34.68000030517578,179,35.12110783735486,26.15734019132129,24.851200065612794,26.683933397928875,27.82990002632141,2023-06-05,0
265,27.68,28.68,27.5205,28.64,515788.0,14556363.0,28.64,0.0,MMYT,0,0,True,34.68000030517578,180,35.12110783735486,26.383036482078303,24.942600059509278,26.688133392333985,27.806850023269654,2023-06-06,1
266,28.92,28.92,27.63,27.86,628100.0,17732770.0,27.86,0.0,MMYT,1,1,True,34.68000030517578,181,35.12110783735486,26.51730594828496,25.0242000579834,26.68833339691162,27.781200017929077,2023-06-07,2
267,27.85,27.85,27.32,27.45,405192.0,11157610.0,27.45,0.0,MMYT,0,0,True,34.68000030517578,182,35.12110783735486,26.602096385980822,25.095400085449217,26.681000073750813,27.75750002861023,2023-06-08,3
268,27.37,27.45,26.86,26.89,401102.0,10870145.0,26.89,0.0,MMYT,0,0,True,34.68000030517578,183,35.12110783735486,26.62826938631424,25.157600059509278,26.678733406066893,27.731100034713744,2023-06-09,4
269,26.96,28.3,26.83,28.08,650211.0,18099924.0,28.08,0.0,MMYT,-1,0,True,34.68000030517578,184,35.12110783735486,26.760244889713498,25.24200004577637,26.68400006612142,27.709000034332277,2023-06-12,0
270,28.36,28.39,28.02,28.16,504007.0,14208008.0,28.16,0.0,MMYT,0,0,True,34.68000030517578,185,35.12110783735486,26.887495340413373,25.31580005645752,26.686933403015136,27.68265003204346,2023-06-13,1
271,28.13,28.41,27.7,28.02,456788.0,12816375.0,28.02,0.0,MMYT,1,0,True,34.68000030517578,186,35.12110783735486,26.99045035108158,25.38140007019043,26.68700007120768,27.65510004043579,2023-06-14,2
272,27.91,28.14,27.36,27.44,336839.0,9319459.0,27.44,0.0,MMYT,0,0,True,34.68000030517578,187,35.12110783735486,27.03131854953395,25.451000099182128,26.680000076293947,27.6289000415802,2023-06-15,3
273,27.53,27.76,26.69,26.72,495851.0,13367845.0,26.72,0.0,MMYT,0,0,True,34.68000030517578,188,35.12110783735486,27.003016800790363,25.51700008392334,26.675466740926108,27.59555004119873,2023-06-16,4
274,26.49,27.0,26.15,26.86,253714.0,6779847.0,26.86,0.0,MMYT,-1,-1,True,34.68000030517578,189,35.12110783735486,26.990015328932287,25.57700008392334,26.657733408610024,27.563100051879882,2023-06-20,1
275,26.78,27.53,26.6,27.31,155197.0,4232548.0,27.31,0.0,MMYT,0,0,True,34.68000030517578,190,35.12110783735486,27.019104795933206,25.642600059509277,26.636000073750814,27.535000047683717,2023-06-21,2
276,27.2,27.4999,27.11,27.45,179751.0,4917807.5,27.45,0.0,MMYT,0,0,True,34.68000030517578,191,35.12110783735486,27.058277156570135,25.70820007324219,26.62253341674805,27.504300050735473,2023-06-22,3
277,27.12,27.4,26.905,27.05,207329.0,5627883.5,27.05,0.0,MMYT,0,0,True,34.68000030517578,192,35.12110783735486,27.0575246184329,25.768800048828126,26.60360008239746,27.477200040817262,2023-06-23,4
278,26.98,27.5,26.69,26.78,218330.0,5859890.0,26.78,0.0,MMYT,0,0,True,34.68000030517578,193,35.12110783735486,27.03229517008859,25.814400062561035,26.584333419799805,27.444350051879884,2023-06-26,0
279,27.01,27.14,26.79,26.94,233148.0,6279701.5,26.94,0.0,MMYT,0,0,True,34.68000030517578,194,35.12110783735486,27.023904748631228,25.872600059509278,26.572333424886068,27.415950059890747,2023-06-27,1
280,26.82,27.29,26.54,27.14,269562.0,7319012.5,27.14,0.0,MMYT,0,0,True,34.68000030517578,195,35.12110783735486,27.03445880690552,25.935600051879884,26.563066749572755,27.38915005683899,2023-06-28,2
281,27.13,27.23,26.77,27.0,170327.0,4599169.5,27.0,0.0,MMYT,0,0,True,34.68000030517578,196,35.12110783735486,27.031326188095925,25.9942000579834,26.554000078837078,27.36165005683899,2023-06-29,3
282,27.18,27.6,26.98,26.98,164186.0,4460999.5,26.98,0.0,MMYT,1,0,True,34.68000030517578,197,35.12110783735486,27.026660129381415,26.053800048828126,26.54266674041748,27.33830005645752,2023-06-30,4
283,26.84,27.15,26.77,27.01,155643.0,4195964.0,27.01,0.0,MMYT,0,0,True,34.68000030517578,198,35.12110783735486,27.02514559297236,26.124000053405762,26.529866739908854,27.303450059890746,2023-07-03,0
284,26.88,27.28,26.76,26.77,195085.0,5262125.0,26.77,0.0,MMYT,0,0,True,34.68000030517578,199,35.12110783735486,27.00195058068066,26.19640007019043,26.518333409627278,27.271050062179565,2023-07-05,2
285,26.62,26.68,25.755,26.48,336751.0,8878979.0,26.48,0.0,MMYT,-1,-1,True,34.68000030517578,200,35.12110783735486,26.95450048627663,26.263600044250488,26.503333409627277,27.242100057601927,2023-07-06,3
286,26.54,27.07,26.435,27.02,574907.0,15420500.0,27.02,0.0,MMYT,0,0,True,34.68000030517578,201,35.12110783735486,26.960455029139087,26.353800048828123,26.485533409118652,27.21465006828308,2023-07-07,4
287,27.09,27.3649,26.91,27.2,411624.0,11188105.0,27.2,0.0,MMYT,0,0,True,34.68000030517578,202,35.12110783735486,26.98223191403003,26.44360008239746,26.46893341064453,27.18940007209778,2023-07-10,0
288,27.22,28.07,26.99,28.05,538846.0,14883088.0,28.05,0.0,MMYT,0,0,True,34.68000030517578,203,35.12110783735486,27.079301670669167,26.549000053405763,26.4574000676473,27.17710006713867,2023-07-11,1
289,28.39,29.38,28.3291,29.3,674709.0,19521962.0,29.3,0.0,MMYT,0,0,True,34.68000030517578,204,35.12110783735486,27.281183267613837,26.66620002746582,26.457466723124185,27.169450063705444,2023-07-12,2
290,29.5,29.63,28.82,29.3,982930.0,28804960.0,29.3,0.0,MMYT,0,0,True,34.68000030517578,205,35.12110783735486,27.46471199210899,26.769799995422364,26.465933380126952,27.16285005569458,2023-07-13,3
291,29.41,29.7,29.12,29.59,480305.0,14159487.0,29.59,0.0,MMYT,0,0,True,34.68000030517578,206,35.12110783735486,27.65792000669798,26.871399993896485,26.478000043233237,27.161350059509278,2023-07-14,4
292,29.65,29.93,29.24,29.44,748895.0,22168040.0,29.44,0.0,MMYT,1,1,True,34.68000030517578,207,35.12110783735486,27.819927327367036,26.95560001373291,26.48706671396891,27.151700057983398,2023-07-17,0
293,29.4,29.41,28.87,29.39,291114.0,8500878.0,29.39,0.0,MMYT,-1,0,True,34.68000030517578,208,35.12110783735486,27.9626611512108,27.044200019836424,26.487200037638345,27.140500059127806,2023-07-18,1
294,29.42,29.555,28.905,29.07,306715.0,8934792.0,29.07,0.0,MMYT,1,0,True,34.68000030517578,209,35.12110783735486,28.06332829153929,27.119600028991698,26.49040003458659,27.136700057983397,2023-07-19,2
295,29.0,29.35,28.815,28.93,445990.0,12965331.0,28.93,0.0,MMYT,0,0,True,34.68000030517578,210,35.12110783735486,28.142116656415332,27.18680004119873,26.49040003458659,27.12785005569458,2023-07-20,3
296,29.09,29.09,28.68,28.87,163699.0,4724287.5,28.87,0.0,MMYT,0,0,True,34.68000030517578,211,35.12110783735486,28.20828794576243,27.255000076293946,26.49020004272461,27.11790005683899,2023-07-21,4
297,28.86,29.0,28.56,28.58,182853.0,5246473.0,28.58,0.0,MMYT,0,0,True,34.68000030517578,212,35.12110783735486,28.2420799437573,27.31980007171631,26.488666712443035,27.0969500541687,2023-07-24,0
298,28.67,28.84,28.39,28.54,151895.0,4337969.5,28.54,0.0,MMYT,0,0,True,34.68000030517578,213,35.12110783735486,28.26916366846367,27.376800079345703,26.48873338063558,27.076900062561034,2023-07-25,1
299,28.55,28.82,28.385,28.56,206401.0,5901438.0,28.56,0.0,MMYT,0,0,True,34.68000030517578,214,35.12110783735486,28.29560328641628,27.43300006866455,26.49020004272461,27.057200059890747,2023-07-26,2
300,28.64,28.91,28.13,28.16,431376.0,12321695.0,28.16,0.0,MMYT,-1,-1,True,34.68000030517578,215,35.12110783735486,28.283275701052265,27.464800071716308,26.484333368937175,27.04080005645752,2023-07-27,3
301,28.47,29.02,28.415,28.72,214328.0,6168488.5,28.72,0.0,MMYT,0,0,True,34.68000030517578,216,35.12110783735486,28.322977847625197,27.52300006866455,26.48860003153483,27.03250005722046,2023-07-28,4
302,28.8,29.09,28.59,28.77,268968.0,7737053.0,28.77,0.0,MMYT,0,0,True,34.68000030517578,217,35.12110783735486,28.363616266728695,27.572400093078613,26.490800031026204,27.025600061416625,2023-07-31,0
303,31.11,32.0,30.14,31.6,1365436.0,42479260.0,31.6,0.0,MMYT,0,0,True,34.68000030517578,218,35.12110783735486,28.657833004432426,27.686000099182127,26.513133366902668,27.033250064849852,2023-08-01,1
304,31.9,33.27,31.8192,32.91,837388.0,27424290.0,32.91,0.0,MMYT,0,0,True,34.68000030517578,219,35.12110783735486,29.044393626521487,27.823400077819823,26.54586669921875,27.048100061416626,2023-08-02,2
305,32.88,34.92,32.83,34.73,1036003.0,35459480.0,34.73,0.0,MMYT,1,0,False,0.0,0,0.0,29.56126689158647,27.98700008392334,26.592533365885416,27.08335005760193,2023-08-03,3
306,34.54,34.69,33.51,33.71,1759723.0,59867710.0,33.71,0.0,MMYT,0,0,False,0.0,0,0.0,29.938424363667032,28.13860008239746,26.63733336130778,27.107600049972532,2023-08-04,4
307,33.96,34.08,32.855,33.97,598571.0,20140776.0,33.97,0.0,MMYT,-1,0,False,0.0,0,0.0,30.304931350670312,28.29580009460449,26.680800031026205,27.13360005378723,2023-08-07,0
308,33.66,34.665,33.59,34.57,319211.0,10963621.0,34.57,0.0,MMYT,0,0,False,0.0,0,0.0,30.692664836502484,28.463200073242188,26.727466697692872,27.16365005493164,2023-08-08,1
309,34.73,35.24,34.37,34.78,721258.0,25108650.0,34.78,0.0,MMYT,0,0,False,0.0,0,0.0,31.064240649483793,28.63140003204346,26.776866683959963,27.197000045776367,2023-08-09,2
310,35.0,36.49,34.905,36.44,1267026.0,45697700.0,36.44,0.0,MMYT,0,0,False,0.0,0,0.0,31.55294592014063,28.834599990844726,26.840066680908205,27.237350034713746,2023-08-10,3
311,36.14,36.71,35.53,36.66,520062.0,18862232.0,36.66,0.0,MMYT,0,0,False,0.0,0,0.0,32.017223549892584,29.046399993896486,26.901666679382323,27.283650035858155,2023-08-11,4
312,36.3,37.38,35.95,37.33,631217.0,23210606.0,37.33,0.0,MMYT,1,0,False,0.0,0,0.0,32.50020339363459,29.25560001373291,26.969200019836425,27.330000047683715,2023-08-14,0
313,37.22,37.22,36.03,36.41,879509.0,32066810.0,36.41,0.0,MMYT,0,0,False,0.0,0,0.0,32.855639434887095,29.42479999542236,27.03266668955485,27.37110004425049,2023-08-15,1
314,36.41,36.895,36.3,36.41,382575.0,14003048.0,36.41,0.0,MMYT,0,0,False,0.0,0,0.0,33.178763108753,29.600799980163575,27.090733350118,27.413150043487548,2023-08-16,2
315,36.5,36.93,36.3,36.56,469712.0,17171356.0,36.56,0.0,MMYT,0,0,False,0.0,0,0.0,33.486148405529185,29.759200019836427,27.153400026957193,27.455900049209596,2023-08-17,3
316,36.01,36.6,35.54,36.35,583085.0,21064762.0,36.35,0.0,MMYT,-1,0,False,0.0,0,0.0,33.74649841176481,29.928999977111815,27.210666681925456,27.49850004196167,2023-08-18,4
317,36.33,36.71,35.97,36.66,565801.0,20633970.0,36.66,0.0,MMYT,0,0,False,0.0,0,0.0,34.01136217864184,30.11319995880127,27.27000001271566,27.53905004501343,2023-08-21,0
318,36.7,37.3669,36.24,37.24,540700.0,20001358.0,37.24,0.0,MMYT,0,0,False,0.0,0,0.0,34.30487486044411,30.320200004577636,27.32220002492269,27.58910005569458,2023-08-22,1
319,37.34,38.2,36.525,38.06,768646.0,29131838.0,38.06,0.0,MMYT,0,0,False,0.0,0,0.0,34.646249997975644,30.519800033569336,27.37926670074463,27.6429500579834,2023-08-23,2
320,38.33,38.64,37.82,38.01,670391.0,25557652.0,38.01,0.0,MMYT,1,1,False,0.0,0,0.0,34.95204530011724,30.71680000305176,27.436266695658365,27.694400053024292,2023-08-24,3
321,38.04,38.15,37.185,38.07,408748.0,15456642.0,38.07,0.0,MMYT,-1,0,False,0.0,0,0.0,35.235495699636054,30.917799987792968,27.4846000289917,27.744700050354005,2023-08-25,4
322,38.1,38.79,38.07,38.72,433724.0,16710648.0,38.72,0.0,MMYT,0,0,False,0.0,0,0.0,35.55226892882396,31.14340000152588,27.53893337249756,27.79585005760193,2023-08-28,0
323,38.72,38.785,38.32,38.45,964809.0,37118420.0,38.45,0.0,MMYT,0,0,False,0.0,0,0.0,35.81569909556173,31.37800003051758,27.59700004577637,27.851100063323976,2023-08-29,1
324,38.23,38.6043,37.82,37.93,533674.0,20367774.0,37.93,0.0,MMYT,0,0,False,0.0,0,0.0,36.00790829643574,31.599400024414063,27.659000053405762,27.893150062561034,2023-08-30,2
325,37.91,40.02,37.2991,39.66,992223.0,39180804.0,39.66,0.0,MMYT,1,1,False,0.0,0,0.0,36.339916619251774,31.84640003204346,27.730400047302247,27.938600063323975,2023-08-31,3
326,39.74,39.86,39.03,39.5,525648.0,20791060.0,39.5,0.0,MMYT,0,0,False,0.0,0,0.0,36.627196926592525,32.08740001678467,27.79726671854655,27.988750066757202,2023-09-01,4
327,39.23,39.46,38.76,39.0,515240.0,20145524.0,39.0,0.0,MMYT,0,0,False,0.0,0,0.0,36.84290629690229,32.32640003204346,27.864933382670085,28.03430006980896,2023-09-05,1
328,38.84,39.42,38.71,39.21,418649.0,16367083.0,39.21,0.0,MMYT,0,0,False,0.0,0,0.0,37.05809655031778,32.575,27.933133379618326,28.082000064849854,2023-09-06,2
329,39.36,39.36,38.4,39.14,485832.0,18844160.0,39.14,0.0,MMYT,-1,0,False,0.0,0,0.0,37.24736044480238,32.818999977111815,28.003866704305015,28.134000062942505,2023-09-07,3
330,39.34,39.38,38.62,39.09,916854.0,35830012.0,39.09,0.0,MMYT,0,0,False,0.0,0,0.0,37.41487314551016,33.057999992370604,28.077533365885415,28.186800060272216,2023-09-08,4
331,39.22,39.82,39.1,39.6,449611.0,17795918.0,39.6,0.0,MMYT,0,0,False,0.0,0,0.0,37.6135209026566,33.30999996185303,28.158266690572102,28.243000049591064,2023-09-11,0
332,39.36,41.47,39.34,40.51,1925032.0,78069096.0,40.51,0.0,MMYT,1,1,False,0.0,0,0.0,37.87683703164539,33.58059993743896,28.24800001780192,28.302150039672853,2023-09-12,1
333,40.33,40.38,38.96,39.55,1364365.0,54075788.0,39.55,0.0,MMYT,0,0,False,0.0,0,0.0,38.02894268668313,33.83139991760254,28.331466674804688,28.355250034332276,2023-09-13,2
334,39.37,39.37,37.99,38.7,1691067.0,65591584.0,38.7,0.0,MMYT,0,0,False,0.0,0,0.0,38.0899479663428,34.06999992370606,28.412466684977215,28.406250038146972,2023-09-14,3
335,38.8,39.0,38.36,38.84,575985.0,22357434.0,38.84,0.0,MMYT,0,0,False,0.0,0,0.0,38.158134528728716,34.31719993591309,28.494666684468587,28.45680004119873,2023-09-15,4
336,38.77,38.785,37.72,37.75,405552.0,15475175.0,37.75,0.0,MMYT,0,0,False,0.0,0,0.0,38.12103138975338,34.53179992675781,28.57560001373291,28.497100038528444,2023-09-18,0
337,37.9,38.005,37.28,37.53,802260.0,30152942.0,37.53,0.0,MMYT,-1,0,False,0.0,0,0.0,38.06730115243915,34.73839988708496,28.653066673278808,28.53630002975464,2023-09-19,1
338,38.0,38.2899,37.31,37.34,495388.0,18650218.0,37.34,0.0,MMYT,1,0,False,0.0,0,0.0,38.0011828797254,34.92419990539551,28.72673333485921,28.574100027084352,2023-09-20,2
339,37.45,38.22,37.08,38.19,616509.0,23225128.0,38.19,0.0,MMYT,-1,-1,False,0.0,0,0.0,38.018347947632996,35.10199989318848,28.80473332722982,28.618600015640258,2023-09-21,3
340,38.25,38.8999,37.95,38.07,373679.0,14304843.0,38.07,0.0,MMYT,0,0,False,0.0,0,0.0,38.02304356101401,35.27739990234375,28.87566665649414,28.668800010681153,2023-09-22,4
341,38.83,39.45,38.47,39.21,565925.0,22062530.0,39.21,0.0,MMYT,1,0,False,0.0,0,0.0,38.13094860860116,35.46979988098145,28.959799982706706,28.725950002670288,2023-09-25,0
342,39.01,39.41,38.383,38.56,325081.0,12600075.0,38.56,0.0,MMYT,-1,0,False,0.0,0,0.0,38.16995340539114,35.65219989776611,29.042533327738443,28.778350009918213,2023-09-26,1
343,38.66,40.49,38.66,40.37,755803.0,30189720.0,40.37,0.0,MMYT,0,0,False,0.0,0,0.0,38.36995754416329,35.87179988861084,29.141266657511395,28.83335000038147,2023-09-27,2
344,40.05,41.31,39.66,41.02,914050.0,37258596.0,41.02,0.0,MMYT,0,0,False,0.0,0,0.0,38.61087053630878,36.110799903869626,29.239599990844727,28.895500001907347,2023-09-28,3
345,41.24,41.345,40.45,40.52,514491.0,20998590.0,40.52,0.0,MMYT,1,1,False,0.0,0,0.0,38.78442780189559,36.342599906921386,29.33859999338786,28.953450002670287,2023-09-29,4
346,40.42,40.44,39.885,40.04,449415.0,18017406.0,40.04,0.0,MMYT,0,0,False,0.0,0,0.0,38.89857081222575,36.56599990844727,29.437066663106283,29.009150009155274,2023-10-02,0
347,39.98,40.38,39.29,39.71,433550.0,17208120.0,39.71,0.0,MMYT,-1,0,False,0.0,0,0.0,38.97233701879365,36.7885998916626,29.528999989827472,29.063650007247926,2023-10-03,1
348,39.69,39.87,39.375,39.61,442588.0,17547994.0,39.61,0.0,MMYT,0,0,False,0.0,0,0.0,39.030306436208,37.00999988555908,29.617799987792967,29.119050006866456,2023-10-04,2
349,39.6,39.75,39.13,39.18,328116.0,12907788.0,39.18,0.0,MMYT,0,0,False,0.0,0,0.0,39.043914969750524,37.22239990234375,29.70726665496826,29.173250007629395,2023-10-05,3
350,39.34,40.84,39.04,40.22,768700.0,30761990.0,40.22,0.0,MMYT,0,0,False,0.0,0,0.0,39.15083190165531,37.46359992980957,29.80259999593099,29.229150009155273,2023-10-06,4
351,39.8,40.51,39.3181,40.31,485304.0,19454332.0,40.31,0.0,MMYT,0,0,False,0.0,0,0.0,39.25621094453128,37.6953999710083,29.899066670735678,29.290300016403197,2023-10-09,0
352,40.5,42.5,40.5,41.83,1155761.0,48449500.0,41.83,0.0,MMYT,0,0,False,0.0,0,0.0,39.490191934215225,37.95659999847412,30.00740001678467,29.357250022888184,2023-10-10,1
353,41.9,42.45,41.4288,42.44,560376.0,23497406.0,42.44,0.0,MMYT,0,0,False,0.0,0,0.0,39.758356178987384,38.173399963378905,30.121333338419596,29.42820001602173,2023-10-11,2
354,42.59,42.97,40.44,40.89,735041.0,30220622.0,40.89,0.0,MMYT,1,1,False,0.0,0,0.0,39.86123283450202,38.33299995422363,30.225066668192547,29.49265001296997,2023-10-12,3
355,40.89,41.155,40.145,40.22,438324.0,17717276.0,40.22,0.0,MMYT,0,0,True,42.970001220703125,0,14.335582202506886,39.893848142338484,38.44279998779297,30.324400011698405,29.555100021362303,2023-10-13,4
356,40.17,40.78,40.0,40.58,394567.0,15964418.0,40.58,0.0,MMYT,-1,0,True,42.970001220703125,1,14.335582202506886,39.9562257504036,38.58020004272461,30.42800001780192,29.623050031661986,2023-10-16,0
357,40.53,42.34,40.405,42.2,556799.0,23376316.0,42.2,0.0,MMYT,1,0,True,42.970001220703125,2,14.335582202506886,40.16020529699776,38.744800033569334,30.542733357747395,29.696800031661986,2023-10-17,1
358,41.5,41.78,41.01,41.72,674977.0,28002770.0,41.72,0.0,MMYT,0,0,True,42.970001220703125,3,14.335582202506886,40.30200492642552,38.88780006408692,30.656333363850912,29.767550039291383,2023-10-18,2
359,41.38,41.74,37.66,38.2,1315530.0,51136492.0,38.2,0.0,MMYT,-1,0,True,42.970001220703125,4,14.335582202506886,40.110913638835875,38.95620010375976,30.742533365885418,29.821700038909913,2023-10-19,3
360,38.27,39.24,38.17,38.77,659521.0,25620610.0,38.77,0.0,MMYT,0,0,True,42.970001220703125,5,14.335582202506886,39.989012440556586,39.002800140380856,30.83180004119873,29.880750045776367,2023-10-20,4
361,38.73,38.73,38.01,38.06,308363.0,11808237.0,38.06,0.0,MMYT,0,0,True,42.970001220703125,6,14.335582202506886,39.8136477980779,39.03080017089844,30.919600054423015,29.933950052261352,2023-10-23,0
362,38.55,38.895,38.2461,38.44,420331.0,16210990.0,38.44,0.0,MMYT,1,0,True,42.970001220703125,7,14.335582202506886,39.688770600680726,39.053000106811524,31.00873338063558,29.9901500415802,2023-10-24,1
363,38.23,38.64,37.81,37.96,410280.0,15665721.0,37.96,0.0,MMYT,0,0,True,42.970001220703125,8,14.335582202506886,39.53160955375272,39.08400009155273,31.09813337961833,30.04550004005432,2023-10-25,2
364,37.92,38.86,37.28,37.38,407909.0,15306173.0,37.38,0.0,MMYT,0,0,True,42.970001220703125,9,14.335582202506886,39.336008782331135,39.1034001159668,31.18513338724772,30.0939000415802,2023-10-26,3
365,37.74,38.36,36.81,36.81,500906.0,18605652.0,36.81,0.0,MMYT,-1,-1,True,42.970001220703125,10,14.335582202506886,39.106371745145665,39.108400115966795,31.270066731770832,30.142150049209594,2023-10-27,4
366,37.09,37.965,37.0,37.69,547665.0,20609072.0,37.69,0.0,MMYT,0,0,True,42.970001220703125,11,14.335582202506886,38.97761055256051,39.135200119018556,31.362800051371256,30.191800041198732,2023-10-30,0
367,38.21,39.22,37.01,38.73,932459.0,36124020.0,38.73,0.0,MMYT,0,0,True,42.970001220703125,12,14.335582202506886,38.955100460712856,39.17660011291504,31.461733385721843,30.2466500377655,2023-10-31,1
368,39.38,39.88,37.62,38.01,566276.0,21616114.0,38.01,0.0,MMYT,0,0,True,42.970001220703125,13,14.335582202506886,38.8691820844238,39.19200004577637,31.556600036621095,30.28965003013611,2023-11-01,2
369,38.77,38.96,38.05,38.8,605245.0,23326626.0,38.8,0.0,MMYT,0,0,True,42.970001220703125,14,14.335582202506886,38.8628927346635,39.20680000305176,31.65620002746582,30.336150026321413,2023-11-02,3
370,38.8,39.66,38.8,39.66,552334.0,21685130.0,39.66,0.0,MMYT,0,0,True,42.970001220703125,15,14.335582202506886,38.93535701764065,39.23980003356934,31.75746669769287,30.38715003013611,2023-11-03,4
371,39.72,41.02,39.34,40.98,435869.0,17605708.0,40.98,0.0,MMYT,1,0,True,42.970001220703125,16,14.335582202506886,39.12123361078571,39.29800003051758,31.86573336283366,30.43795002937317,2023-11-06,0
372,40.48,40.995,39.86,39.93,341310.0,13739298.0,39.93,0.0,MMYT,0,0,True,42.970001220703125,17,14.335582202506886,39.19475785573026,39.322200012207034,31.972200037638345,30.484750032424927,2023-11-07,1
373,40.0,40.07,39.2,39.58,323097.0,12780425.0,39.58,0.0,MMYT,-1,0,True,42.970001220703125,18,14.335582202506886,39.229780035305204,39.344800033569335,32.079933382670085,30.53395004272461,2023-11-08,2
374,40.07,40.57,39.625,40.485,800078.0,32280828.0,40.485,0.0,MMYT,0,0,True,42.970001220703125,19,14.335582202506886,39.34389099667305,39.39590003967285,32.19076671600342,30.593225049972535,2023-11-09,3
375,40.76,41.76,39.26,41.58,765302.0,31483530.0,41.58,0.0,MMYT,0,0,True,42.970001220703125,20,14.335582202506886,39.54717379979866,39.434300079345704,32.30776672363281,30.65637505531311,2023-11-10,4
376,41.5,42.0,41.11,41.66,441517.0,18349314.0,41.66,0.0,MMYT,0,0,True,42.970001220703125,21,14.335582202506886,39.73924889503624,39.47750007629394,32.42436672210693,30.7173250579834,2023-11-13,0
377,42.0,42.44,41.505,42.42,592734.0,24918774.0,42.42,0.0,MMYT,0,0,True,42.970001220703125,22,14.335582202506886,39.98295337448252,39.54590003967285,32.547033373514815,30.785175046920777,2023-11-14,1
378,42.5,43.19,42.43,42.94,514937.0,22097234.0,42.94,0.0,MMYT,0,0,False,0.0,0,0.0,40.25177567013947,39.620500030517576,32.66996669769287,30.85497504234314,2023-11-15,2
379,42.9,43.31,42.43,42.64,302489.0,12941810.0,42.64,0.0,MMYT,0,0,False,0.0,0,0.0,40.46888691736756,39.690500030517576,32.79403335571289,30.925525035858154,2023-11-16,3
380,43.01,43.6,42.85,43.38,397472.0,17202190.0,43.38,0.0,MMYT,1,1,False,0.0,0,0.0,40.733533658344626,39.776300048828126,32.9233000310262,31.002225036621095,2023-11-17,4
381,43.4,43.45,42.6065,43.01,350372.0,15044588.0,43.01,0.0,MMYT,0,0,False,0.0,0,0.0,40.94048499136177,39.844500045776364,33.049566688537595,31.07982502937317,2023-11-20,0
382,42.77,42.93,41.8483,42.45,406846.0,17184402.0,42.45,0.0,MMYT,-1,0,False,0.0,0,0.0,41.07771369786883,39.88330009460449,33.172566693623864,31.156825037002562,2023-11-21,1
383,42.51,43.06,42.39,42.46,194547.0,8298421.5,42.46,0.0,MMYT,1,0,False,0.0,0,0.0,41.2033760057419,39.94150009155273,33.29896668752035,31.2339750289917,2023-11-22,2
384,42.89,42.97,41.91,42.47,185124.0,7832929.5,42.47,0.0,MMYT,-1,0,False,0.0,0,0.0,41.31852375255656,40.01690010070801,33.427766698201495,31.313575038909914,2023-11-24,4
385,42.51,43.05,42.0,42.2,547364.0,23220220.0,42.2,0.0,MMYT,1,0,False,0.0,0,0.0,41.39865802622773,40.08410011291504,33.55496669769287,31.3920250415802,2023-11-27,0
386,42.25,42.4999,41.73,41.94,334121.0,14014739.0,41.94,0.0,MMYT,-1,-1,False,0.0,0,0.0,41.44787080808966,40.16790008544922,33.684500020345055,31.473675031661987,2023-11-28,1
387,42.0,43.28,42.0,42.55,351544.0,14973771.0,42.55,0.0,MMYT,1,1,False,0.0,0,0.0,41.54806430163247,40.26830009460449,33.81676668802897,31.55687502861023,2023-11-29,2
388,42.86,42.91,41.56,42.23,542829.0,22878668.0,42.23,0.0,MMYT,-1,-1,False,0.0,0,0.0,41.61005841441464,40.36610008239746,33.94643334706625,31.636575021743774,2023-11-30,3
389,42.43,43.21,41.95,42.62,393828.0,16796016.0,42.62,0.0,MMYT,0,0,False,0.0,0,0.0,41.7018711887301,40.45470008850098,34.07430000305176,31.71722501754761,2023-12-01,4
390,42.41,46.04,42.23,44.89,1837131.0,82094400.0,44.89,0.0,MMYT,1,0,False,0.0,0,0.0,41.99170102517722,40.59110008239746,34.21276666005453,31.80452501296997,2023-12-04,0
391,45.15,45.55,44.13,44.37,656713.0,29391058.0,44.37,0.0,MMYT,0,0,False,0.0,0,0.0,42.20790992578699,40.6943000793457,34.34516665140788,31.893425006866455,2023-12-05,1
392,44.37,44.7199,43.14,43.25,489069.0,21393492.0,43.25,0.0,MMYT,0,0,False,0.0,0,0.0,42.30264538707908,40.78810005187988,34.46529998779297,31.978925008773803,2023-12-06,2
393,43.41,44.92,43.0,44.86,266185.0,11817390.0,44.86,0.0,MMYT,0,0,False,0.0,0,0.0,42.5351322255584,40.87790008544922,34.59796666463216,32.07542501449585,2023-12-07,3
394,44.85,44.91,43.3801,44.39,814748.0,35985544.0,44.39,0.0,MMYT,0,0,False,0.0,0,0.0,42.70375651320295,40.945300064086915,34.72523333231608,32.16602500915528,2023-12-08,4
395,44.77,45.95,44.2823,45.73,562626.0,25517564.0,45.73,0.0,MMYT,0,0,False,0.0,0,0.0,42.97886951584235,41.04950004577637,34.85963333129883,32.26632500648498,2023-12-11,0
396,45.91,45.95,44.7,45.93,677318.0,30800900.0,45.93,0.0,MMYT,0,0,False,0.0,0,0.0,43.24715413305447,41.16730003356933,34.99610000610352,32.36962500572204,2023-12-12,1
397,46.42,46.54,45.47,46.06,325570.0,14935035.0,46.06,0.0,MMYT,0,0,False,0.0,0,0.0,43.50286751853052,41.2943000793457,35.13423334757487,32.470325012207034,2023-12-13,2
398,45.84,46.57,45.41,46.54,550123.0,25423494.0,46.54,0.0,MMYT,-1,0,False,0.0,0,0.0,43.77897055462114,41.43290008544922,35.273233350118,32.571575012207035,2023-12-14,3
399,46.24,47.07,46.09,46.77,541896.0,25385226.0,46.77,0.0,MMYT,0,0,False,0.0,0,0.0,44.05088236399774,41.58470008850097,35.41336668650309,32.67662501335144,2023-12-15,4
400,47.0,47.3,46.43,46.77,300739.0,14088028.0,46.77,0.0,MMYT,1,1,False,0.0,0,0.0,44.29807491797646,41.71570007324219,35.54803335825602,32.780875015258786,2023-12-18,0
401,47.06,47.06,46.5,46.86,184419.0,8636028.0,46.86,0.0,MMYT,0,0,False,0.0,0,0.0,44.530977253646924,41.8467000579834,35.68836669921875,32.88597501754761,2023-12-19,1
402,46.66,46.84,44.63,44.69,458298.0,20835832.0,44.69,0.0,MMYT,-1,-1,False,0.0,0,0.0,44.54543374210711,41.90389999389649,35.81096669514974,32.98152501106262,2023-12-20,2
403,45.25,45.73,44.89,45.27,272884.0,12334411.0,45.27,0.0,MMYT,0,0,False,0.0,0,0.0,44.611303443530424,41.96050003051758,35.939966697692874,33.081125011444094,2023-12-21,3
404,45.21,46.8692,45.095,46.29,205690.0,9522336.0,46.29,0.0,MMYT,0,0,False,0.0,0,0.0,44.76391230462105,42.06850006103516,36.07496669769287,33.185925016403196,2023-12-22,4
405,46.49,47.13,46.34,47.0,230012.0,10788736.0,47.0,0.0,MMYT,0,0,False,0.0,0,0.0,44.96719300420096,42.20410003662109,36.21130003611247,33.294325017929076,2023-12-26,1
406,47.29,47.39,46.5101,46.94,148768.0,6973485.0,46.94,0.0,MMYT,1,1,False,0.0,0,0.0,45.14653896988351,42.33129997253418,36.350033365885416,33.403825006484986,2023-12-27,2
407,47.01,47.08,46.59,46.98,203323.0,9532555.0,46.98,0.0,MMYT,0,0,False,0.0,0,0.0,45.313217203733764,42.426899948120116,36.48916669209798,33.51377500534058,2023-12-28,3
408,47.03,47.19,46.5501,46.98,132945.0,6240053.0,46.98,0.0,MMYT,0,0,False,0.0,0,0.0,45.46474287087036,42.532099914550784,36.62770001729329,33.62527500152588,2023-12-29,4
409,46.08,46.59,45.11,45.92,249052.0,11374155.0,45.92,0.0,MMYT,-1,0,False,0.0,0,0.0,45.5061297161499,42.6864998626709,36.75803333282471,33.72852499008179,2024-01-02,1
410,45.77,47.06,45.55,46.19,251534.0,11673039.0,46.19,0.0,MMYT,0,0,False,0.0,0,0.0,45.568299617109815,42.834899826049806,36.89076665242513,33.8325749874115,2024-01-03,2
411,45.89,48.5,45.88,46.2,821109.0,38868096.0,46.2,0.0,MMYT,1,1,False,0.0,0,0.0,45.625726994003415,42.99769981384277,37.024966659545896,33.939124994277954,2024-01-04,3
412,45.92,46.515,44.8,44.88,514751.0,23320330.0,44.88,0.0,MMYT,0,0,False,0.0,0,0.0,45.55793372801358,43.1264998626709,37.145033327738446,34.03817500114441,2024-01-05,4
413,44.73,45.3,43.31,45.17,438683.0,19552146.0,45.17,0.0,MMYT,-1,-1,False,0.0,0,0.0,45.52266685900737,43.27069984436035,37.25983331044515,34.14127499580383,2024-01-08,0
414,45.38,45.56,44.735,44.86,425950.0,19172436.0,44.86,0.0,MMYT,0,0,False,0.0,0,0.0,45.46242447276593,43.42029983520508,37.37483331044515,34.24392499923706,2024-01-09,1
415,45.03,46.16,45.0,45.41,355233.0,16235676.0,45.41,0.0,MMYT,0,0,False,0.0,0,0.0,45.45765859773377,43.5922998046875,37.48663331349691,34.350625,2024-01-10,2
416,45.41,47.91,45.21,47.68,685019.0,32071904.0,47.68,0.0,MMYT,0,0,False,0.0,0,0.0,45.659689662046674,43.79209983825684,37.618766644795734,34.47012499809265,2024-01-11,3
417,47.82,48.31,47.13,47.35,348631.0,16594905.0,47.35,0.0,MMYT,1,0,False,0.0,0,0.0,45.81335409950798,43.96449981689453,37.751433296203615,34.587424993515015,2024-01-12,4
418,46.92,48.21,46.31,47.66,497518.0,23711310.0,47.66,0.0,MMYT,-1,0,False,0.0,0,0.0,45.98123098568109,44.15749984741211,37.88989996592204,34.70682498931885,2024-01-16,1
419,47.39,47.76,46.85,47.47,362525.0,17167952.0,47.47,0.0,MMYT,0,0,False,0.0,0,0.0,46.11657373431945,44.33089988708496,38.01916664123535,34.8248749923706,2024-01-17,2
420,47.99,49.02,47.66,48.98,526646.0,25530586.0,48.98,0.0,MMYT,0,0,False,0.0,0,0.0,46.3768851714028,44.51729988098145,38.15796663920084,34.947424993515014,2024-01-18,3
421,49.21,49.66,47.878,49.6,434084.0,21299720.0,49.6,0.0,MMYT,0,0,False,0.0,0,0.0,46.669895471649916,44.68969985961914,38.30183329264323,35.07172498703003,2024-01-19,4
422,50.08,50.08,48.78,50.03,710902.0,35212256.0,50.03,0.0,MMYT,0,0,False,0.0,0,0.0,46.97535940870873,44.89169982910156,38.452433280944824,35.20207498550415,2024-01-22,0
423,50.0,50.1,47.04,49.9,1042183.0,51178170.0,49.9,0.0,MMYT,0,0,False,0.0,0,0.0,47.241235964815104,45.098099822998044,38.60696662902832,35.33447499275208,2024-01-23,1
424,50.85,50.94,47.37,47.89,752563.0,36624004.0,47.89,0.0,MMYT,0,0,False,0.0,0,0.0,47.300214457981774,45.24619979858399,38.7471666208903,35.45462498664856,2024-01-24,2
425,48.26,48.995,47.52,48.03,501701.0,24115062.0,48.03,0.0,MMYT,0,0,False,0.0,0,0.0,47.366558487192236,45.375199737548826,38.885299949646,35.57462497711182,2024-01-25,3
426,48.0,49.56,47.65,49.53,300733.0,14752036.0,49.53,0.0,MMYT,0,0,False,0.0,0,0.0,47.563234877383564,45.532599716186525,39.032499936421715,35.70142497062683,2024-01-26,4
427,50.0,51.29,49.97,51.1,854861.0,43348720.0,51.1,0.0,MMYT,0,0,False,0.0,0,0.0,47.884758840723336,45.70619972229004,39.192833264668785,35.83682496070862,2024-01-29,0
428,50.83,54.39,50.83,54.05,1413877.0,75439384.0,54.05,0.0,MMYT,0,0,False,0.0,0,0.0,48.44523524039035,45.92839973449707,39.37463325500488,35.98457495689392,2024-01-30,1
429,53.62,56.97,53.515,55.39,2175198.0,120486824.0,55.39,0.0,MMYT,0,0,False,0.0,0,0.0,49.07657743577745,46.18339973449707,39.56429991404215,36.14137495040894,2024-01-31,2
430,55.25,57.15,54.36,57.01,1485383.0,83575224.0,57.01,0.0,MMYT,0,0,False,0.0,0,0.0,49.797797516300705,46.45599967956543,39.76343324025472,36.306474943161014,2024-02-01,3
431,56.69,58.4443,56.14,58.23,1201456.0,69154730.0,58.23,0.0,MMYT,1,0,False,0.0,0,0.0,50.56436133684031,46.760399703979495,39.971633237202965,36.47727494239807,2024-02-02,4
432,57.68,58.3,56.5906,57.6,688241.0,39623412.0,57.6,0.0,MMYT,0,0,False,0.0,0,0.0,51.20396471295674,47.063399658203124,40.17576656341553,36.64527493476868,2024-02-05,0
433,57.87,58.04,54.94,56.9,665510.0,37414308.0,56.9,0.0,MMYT,-1,0,False,0.0,0,0.0,51.72178624140421,47.35219970703125,40.37503323872884,36.81227494239807,2024-02-06,1
434,56.33,56.725,55.4,56.26,483048.0,27242990.0,56.26,0.0,MMYT,0,0,False,0.0,0,0.0,52.13435097596139,47.62799964904785,40.57163322448731,36.977824935913084,2024-02-07,2
435,57.73,57.9,56.25,57.55,544841.0,31230450.0,57.55,0.0,MMYT,0,0,False,0.0,0,0.0,52.62668263606131,47.93499961853027,40.778766555786135,37.14997492790222,2024-02-08,3
436,58.0,60.63,57.79,59.28,1322625.0,78544090.0,59.28,0.0,MMYT,1,1,False,0.0,0,0.0,53.231529558173634,48.28179962158203,40.99383321126302,37.333824920654294,2024-02-09,4
437,59.5,59.5802,57.37,58.17,833559.0,48419108.0,58.17,0.0,MMYT,0,0,False,0.0,0,0.0,53.68048125006197,48.594199600219724,41.20029986063639,37.51112491607666,2024-02-12,0
438,56.33,58.37,55.5,58.14,671458.0,38787844.0,58.14,0.0,MMYT,-1,0,False,0.0,0,0.0,54.08589199002438,48.91239959716797,41.40089986165365,37.68792490959167,2024-02-13,1
439,59.4,59.9536,56.94,57.46,1143701.0,65862308.0,57.46,0.0,MMYT,0,0,False,0.0,0,0.0,54.39262899861059,49.209199600219726,41.58863319396973,37.85802490234375,2024-02-14,2
440,58.15,59.57,57.1,59.11,898595.0,52386470.0,59.11,0.0,MMYT,0,0,False,0.0,0,0.0,54.82148096331431,49.49359962463379,41.787366536458336,38.03297490119934,2024-02-15,3
441,59.11,61.675,59.11,60.28,887157.0,53817692.0,60.28,0.0,MMYT,1,1,False,0.0,0,0.0,55.31770985567636,49.81179962158203,41.99196652730306,38.211824893951416,2024-02-16,4
442,60.08,60.94,57.72,58.14,584129.0,34267228.0,58.14,0.0,MMYT,0,0,False,0.0,0,0.0,55.574281631492006,50.109599609375,42.183299853007,38.376374893188476,2024-02-20,1
443,56.6,57.44,55.6,57.4,1232397.0,69757370.0,57.4,0.0,MMYT,-1,0,False,0.0,0,0.0,55.740256167345365,50.360399627685545,42.370033200581865,38.53857490539551,2024-02-21,2
444,58.81,59.62,58.01,58.56,1380693.0,81272140.0,58.56,0.0,MMYT,1,0,False,0.0,0,0.0,55.99659664061315,50.6437996673584,42.566633211771645,38.70487491607666,2024-02-22,3
445,58.51,59.16,56.72,56.78,624049.0,35638130.0,56.78,0.0,MMYT,-1,0,False,0.0,0,0.0,56.067815016857125,50.864799652099606,42.75229986826579,38.860924911499026,2024-02-23,4
446,57.08,58.61,57.03,57.89,282033.0,16364034.0,57.89,0.0,MMYT,0,0,False,0.0,0,0.0,56.23346814165633,51.103999633789066,42.94576652526855,39.0230749130249,2024-02-26,0
447,57.83,58.57,57.29,57.51,339017.0,19610066.0,57.51,0.0,MMYT,0,0,False,0.0,0,0.0,56.349516339826955,51.332999572753906,43.13863318125407,39.18392490386963,2024-02-27,1
448,57.15,59.7375,56.9,58.92,589709.0,34790590.0,58.92,0.0,MMYT,0,0,False,0.0,0,0.0,56.58319650611044,51.580599517822264,43.341166496276855,39.35007489204407,2024-02-28,2
449,59.32,62.24,59.32,61.69,1378497.0,84513580.0,61.69,0.0,MMYT,0,0,False,0.0,0,0.0,57.04745124434667,51.87899948120117,43.56203315734863,39.52977488517761,2024-02-29,3
450,62.0,63.79,61.51,62.05,736591.0,45952892.0,62.05,0.0,MMYT,1,1,False,0.0,0,0.0,57.50222833459338,52.18459945678711,43.78796648661296,39.70717488288879,2024-03-01,4
451,62.1,62.39,59.55,59.63,671691.0,40655440.0,59.63,0.0,MMYT,0,0,False,0.0,0,0.0,57.695662219459,52.439999465942385,43.99403316497803,39.87627489089966,2024-03-04,0
452,59.74,59.81,57.59,58.76,1032579.0,60804344.0,58.76,0.0,MMYT,-1,0,False,0.0,0,0.0,57.79242004692029,52.721399459838864,44.193966484069826,40.038574886322024,2024-03-05,1
453,60.0,61.305,59.26,60.45,1038267.0,62750364.0,60.45,0.0,MMYT,1,0,False,0.0,0,0.0,58.034018293831124,53.024999465942386,44.38629981994629,40.21122488975525,2024-03-06,2
454,60.62,61.18,60.205,60.5,689046.0,41756256.0,60.5,0.0,MMYT,0,0,False,0.0,0,0.0,58.258198448937385,53.30919944763183,44.57023315429687,40.383524885177614,2024-03-07,3
455,60.45,61.26,59.7,60.82,536715.0,32482528.0,60.82,0.0,MMYT,0,0,False,0.0,0,0.0,58.491089471290735,53.58559944152832,44.74416648864746,40.55487488746643,2024-03-08,4
456,60.81,62.08,59.51,62.04,672596.0,40998424.0,62.04,0.0,MMYT,-1,0,False,0.0,0,0.0,58.81371778440315,53.88759948730469,44.93303316752116,40.734424896240235,2024-03-11,0
457,62.18,64.45,60.8,64.43,709172.0,44883920.0,64.43,0.0,MMYT,0,0,False,0.0,0,0.0,59.324288922655214,54.23659950256348,45.13609982808431,40.92602489471435,2024-03-12,1
458,64.55,64.55,62.4,63.47,774751.0,48809080.0,63.47,0.0,MMYT,0,0,False,0.0,0,0.0,59.70117185884139,54.56639953613281,45.3287665049235,41.11237489700317,2024-03-13,2
459,63.96,64.7796,61.806,63.79,715307.0,45147244.0,63.79,0.0,MMYT,0,0,False,0.0,0,0.0,60.072883591267384,54.92379959106445,45.52216651916504,41.29947489738464,2024-03-14,3
460,63.18,64.42,63.08,63.96,1121901.0,71708210.0,63.96,0.0,MMYT,0,0,False,0.0,0,0.0,60.426257727013315,55.27919960021973,45.70563318888346,41.48787488937378,2024-03-15,4
461,64.34,65.17,63.47,65.14,807857.0,52097972.0,65.14,0.0,MMYT,0,0,False,0.0,0,0.0,60.85477969634378,55.65799957275391,45.895499852498375,41.6832248878479,2024-03-18,0
462,65.0,65.86,64.52,65.11,949099.0,61846708.0,65.11,0.0,MMYT,0,0,False,0.0,0,0.0,61.24161796125358,56.06259956359863,46.08069984436035,41.874424886703494,2024-03-19,1
463,65.2,67.4,64.5701,67.26,561415.0,37333310.0,67.26,0.0,MMYT,0,0,False,0.0,0,0.0,61.78874379534239,56.504399642944335,46.28636652628581,42.07097489356995,2024-03-20,2
464,67.74,68.59,66.885,68.53,687625.0,46638164.0,68.53,0.0,MMYT,0,0,False,0.0,0,0.0,62.401585157520074,56.977799606323245,46.50049985249837,42.275574884414674,2024-03-21,3
465,68.5,69.21,68.03,68.73,923817.0,63356388.0,68.73,0.0,MMYT,1,0,False,0.0,0,0.0,62.97689590292131,57.44419967651367,46.714966532389326,42.4760249042511,2024-03-22,4
466,68.35,69.0,67.99,68.04,486602.0,33242702.0,68.04,0.0,MMYT,-1,0,False,0.0,0,0.0,63.43717817679458,57.851399688720704,46.92623321533203,42.67692490577698,2024-03-25,0
467,68.54,69.775,68.37,69.72,566029.0,39278790.0,69.72,0.0,MMYT,0,0,False,0.0,0,0.0,64.00834390805899,58.298799743652346,47.1466332244873,42.888274908065796,2024-03-26,1
468,70.44,71.41,69.5146,70.6,700946.0,49336364.0,70.6,0.0,MMYT,0,0,False,0.0,0,0.0,64.60758523224645,58.757599716186526,47.369033203125,43.10682490348816,2024-03-27,2
469,70.53,71.2,70.09,71.05,680331.0,48054772.0,71.05,0.0,MMYT,0,0,False,0.0,0,0.0,65.19325957947476,59.22919975280762,47.58896654764811,43.32167491912842,2024-03-28,3
470,71.4,71.865,70.81,71.4,706032.0,50390280.0,71.4,0.0,MMYT,1,1,False,0.0,0,0.0,65.75750884732967,59.67759979248047,47.81156656901042,43.537874927520754,2024-04-01,0
471,70.49,70.74,68.46,70.28,999556.0,69856770.0,70.28,0.0,MMYT,-1,0,False,0.0,0,0.0,66.16864429569033,60.091199798583986,48.02629989624023,43.74917491912842,2024-04-02,1
472,70.37,72.21,70.02,72.06,637822.0,45645604.0,72.06,0.0,MMYT,0,0,False,0.0,0,0.0,66.70422186504518,60.53179977416992,48.24856653849284,43.9722749042511,2024-04-03,2
473,72.43,72.99,71.31,71.55,627601.0,45117670.0,71.55,0.0,MMYT,0,0,False,0.0,0,0.0,67.1447474274736,60.9647998046875,48.469233220418296,44.196424922943116,2024-04-04,3
474,71.64,76.22,71.64,75.97,927447.0,69370344.0,75.97,0.0,MMYT,0,0,False,0.0,0,0.0,67.9470432268581,61.526399841308596,48.72283322652181,44.44197492599487,2024-04-05,4
475,77.05,77.3,67.08,67.24,2127634.0,148195870.0,67.24,0.0,MMYT,1,1,False,0.0,0,0.0,67.88276637566823,61.910599822998044,48.906699879964194,44.64162491798401,2024-04-08,0
476,67.64,70.69,67.12,69.61,1674604.0,115048980.0,69.61,0.0,MMYT,0,0,True,77.30000305175781,0,21.668826847887644,68.03978766973034,62.31219985961914,49.107433217366534,44.85242491722107,2024-04-09,1
477,67.47,70.16,66.58,70.04,673319.0,46736350.0,70.04,0.0,MMYT,-1,-1,True,77.30000305175781,1,21.668826847887644,68.22162523753008,62.69099990844727,49.314366556803385,45.0673749256134,2024-04-10,2
478,70.04,70.83,68.94,70.61,332089.0,23288838.0,70.61,0.0,MMYT,1,0,True,77.30000305175781,2,21.668826847887644,68.43875027142295,63.022199935913086,49.523699900309246,45.28652492523193,2024-04-11,3
479,69.71,70.31,68.17,68.62,437319.0,30130536.0,68.62,0.0,MMYT,0,0,True,77.30000305175781,3,21.668826847887644,68.45522776916468,63.28680000305176,49.720233256022134,45.49492493629455,2024-04-12,4
480,69.03,69.87,65.87,66.04,531525.0,35686640.0,66.04,0.0,MMYT,0,0,True,77.30000305175781,4,21.668826847887644,68.23566169156128,63.46740005493164,49.89989992777507,45.68942494392395,2024-04-15,0
481,64.75,65.64,63.2,63.58,1231101.0,79643620.0,63.58,0.0,MMYT,0,0,True,77.30000305175781,5,21.668826847887644,67.81241988606068,63.574400100708004,50.05976661682129,45.87232495307922,2024-04-16,1
482,64.0,65.38,62.585,62.81,603568.0,38419880.0,62.81,0.0,MMYT,0,0,True,77.30000305175781,6,21.668826847887644,67.35765456671798,63.67860015869141,50.208433303833004,46.051474962234494,2024-04-17,2
483,62.75,63.54,60.95,61.22,821749.0,50834296.0,61.22,0.0,MMYT,0,0,True,77.30000305175781,7,21.668826847887644,66.79968608071663,63.76500015258789,50.35289998372396,46.22252496719361,2024-04-18,3
484,60.97,62.26,60.55,60.9,720861.0,44252504.0,60.9,0.0,MMYT,-1,-1,True,77.30000305175781,8,21.668826847887644,66.26335112118592,63.8578002166748,50.50089998881022,46.39317497253418,2024-04-19,4
485,61.13,63.67,60.77,62.08,781717.0,48618340.0,62.08,0.0,MMYT,0,0,True,77.30000305175781,9,21.668826847887644,65.8830466402649,63.948400268554686,50.655833333333334,46.571174983978274,2024-04-22,0
486,62.52,65.395,62.11,65.2,825209.0,53453244.0,65.2,0.0,MMYT,0,0,True,77.30000305175781,10,21.668826847887644,65.82095121371738,64.0668002319336,50.83883331298828,46.76207496643067,2024-04-23,1
487,65.79,67.19,65.26,65.54,425863.0,28038182.0,65.54,0.0,MMYT,0,0,True,77.30000305175781,11,21.668826847887644,65.79541027751829,64.21420028686524,51.02556666056315,46.9537749671936,2024-04-24,2
488,64.3,67.65,64.3,67.52,638255.0,42593564.0,67.52,0.0,MMYT,0,0,True,77.30000305175781,12,21.668826847887644,65.95219085620448,64.40180023193359,51.22676663716634,47.15112495422363,2024-04-25,3
489,67.63,68.57,66.55,67.47,632044.0,42650836.0,67.47,0.0,MMYT,0,0,True,77.30000305175781,13,21.668826847887644,66.09017361661344,64.60200027465821,51.42196665445964,47.34197496414185,2024-04-26,4
490,67.18,67.835,66.47,67.77,299753.0,20214592.0,67.77,0.0,MMYT,0,0,True,77.30000305175781,14,21.668826847887644,66.24288480083644,64.7752001953125,51.61996663411458,47.534324951171875,2024-04-29,0
491,68.04,69.52,65.85,66.21,2017947.0,137266200.0,66.21,0.0,MMYT,1,0,True,77.30000305175781,15,21.668826847887644,66.23989519025791,64.89380020141601,51.79996663411458,47.7174249458313,2024-04-30,1
492,65.68,68.935,65.54,67.52,558747.0,37683852.0,67.52,0.0,MMYT,-1,0,True,77.30000305175781,16,21.668826847887644,66.35626804960414,65.08140014648437,51.99303326924642,47.90782492637634,2024-05-01,2
493,68.32,70.51,66.42,70.47,636301.0,44103932.0,70.47,0.0,MMYT,0,0,True,77.30000305175781,17,21.668826847887644,66.73024379243131,65.34280014038086,52.19369995117187,48.11322493553162,2024-05-02,3
494,71.02,73.62,70.39,72.39,800846.0,57984292.0,72.39,0.0,MMYT,0,0,True,77.30000305175781,18,21.668826847887644,67.24476702854196,65.619400100708,52.40283327738444,48.329824934005735,2024-05-03,4
495,73.48,75.14,73.445,73.75,457048.0,33853910.0,73.75,0.0,MMYT,1,0,True,77.30000305175781,19,21.668826847887644,67.83615184412905,65.95880012512207,52.62436660766602,48.55392493247986,2024-05-06,0
496,72.75,72.78,70.1501,71.81,648915.0,46760296.0,71.81,0.0,MMYT,0,0,True,77.30000305175781,20,21.668826847887644,68.19741054544401,66.23720008850097,52.836166585286456,48.76862491607666,2024-05-07,1
497,70.99,72.98,69.81,72.68,713615.0,51376428.0,72.68,0.0,MMYT,-1,0,True,77.30000305175781,21,21.668826847887644,68.60491870541964,66.54060012817382,53.05596659342448,48.98912491798401,2024-05-08,2
498,72.0,74.81,70.82,74.6,937194.0,68334000.0,74.6,0.0,MMYT,0,0,True,77.30000305175781,22,21.668826847887644,69.14992595711976,66.85420013427735,53.28923324584961,49.219424905776975,2024-05-09,3
499,75.03,75.08,73.67,75.0,604618.0,45090356.0,75.0,0.0,MMYT,0,0,True,77.30000305175781,23,21.668826847887644,69.68175087010887,67.12040016174316,53.5280332438151,49.451624908447265,2024-05-10,4
